SKU_Standard,Date,Forecast_Units,Seasonal_Naive_Units
SKU00001,2026-01-11,78.08,100.0
SKU00001,2026-01-18,81.91,89.0
SKU00001,2026-01-25,81.33,103.0
SKU00001,2026-02-01,82.47,100.0
SKU00002,2026-01-11,50.97,63.0
SKU00002,2026-01-18,51.12,67.0
SKU00002,2026-01-25,50.88,66.0
SKU00002,2026-02-01,51.77,85.0
SKU00003,2026-01-11,31.39,34.0
SKU00003,2026-01-18,32.63,41.0
SKU00003,2026-01-25,32.61,23.0
SKU00003,2026-02-01,33.94,40.0
SKU00004,2026-01-11,33.51,35.0
SKU00004,2026-01-18,32.15,24.0
SKU00004,2026-01-25,30.66,38.0
SKU00004,2026-02-01,31.01,34.0
SKU00005,2026-01-11,100.22,97.0
SKU00005,2026-01-18,109.79,133.0
SKU00005,2026-01-25,104.69,110.0
SKU00005,2026-02-01,108.88,107.0
SKU00006,2026-01-11,38.79,50.0
SKU00006,2026-01-18,38.23,46.0
SKU00006,2026-01-25,38.14,51.0
SKU00006,2026-02-01,37.81,47.0
SKU00007,2026-01-11,153.2,171.0
SKU00007,2026-01-18,158.11,156.0
SKU00007,2026-01-25,152.93,179.0
SKU00007,2026-02-01,155.65,178.0
SKU00008,2026-01-11,98.23,105.0
SKU00008,2026-01-18,107.85,111.0
SKU00008,2026-01-25,104.83,106.0
SKU00008,2026-02-01,110.43,121.0
SKU00009,2026-01-11,52.1,55.0
SKU00009,2026-01-18,61.3,70.0
SKU00009,2026-01-25,63.06,71.0
SKU00009,2026-02-01,70.78,69.0
SKU00010,2026-01-11,96.27,118.0
SKU00010,2026-01-18,103.84,113.0
SKU00010,2026-01-25,100.75,118.0
SKU00010,2026-02-01,100.88,97.0
SKU00011,2026-01-11,18.99,21.0
SKU00011,2026-01-18,19.9,19.0
SKU00011,2026-01-25,20.6,24.0
SKU00011,2026-02-01,20.33,13.0
SKU00012,2026-01-11,135.63,180.0
SKU00012,2026-01-18,130.98,194.0
SKU00012,2026-01-25,137.47,191.0
SKU00012,2026-02-01,137.25,172.0
SKU00013,2026-01-11,69.33,93.0
SKU00013,2026-01-18,70.76,98.0
SKU00013,2026-01-25,67.63,87.0
SKU00013,2026-02-01,69.56,91.0
SKU00014,2026-01-11,105.09,131.0
SKU00014,2026-01-18,106.98,144.0
SKU00014,2026-01-25,155.24,181.0
SKU00014,2026-02-01,116.43,126.0
SKU00015,2026-01-11,20.36,25.0
SKU00015,2026-01-18,18.92,27.0
SKU00015,2026-01-25,20.07,32.0
SKU00015,2026-02-01,19.01,29.0
SKU00016,2026-01-11,86.21,97.0
SKU00016,2026-01-18,82.37,76.0
SKU00016,2026-01-25,92.44,100.0
SKU00016,2026-02-01,84.08,95.0
SKU00017,2026-01-11,86.21,97.0
SKU00017,2026-01-18,89.81,106.0
SKU00017,2026-01-25,88.92,89.0
SKU00017,2026-02-01,85.36,89.0
SKU00018,2026-01-11,156.13,172.0
SKU00018,2026-01-18,146.36,164.0
SKU00018,2026-01-25,140.02,163.0
SKU00018,2026-02-01,160.78,178.0
SKU00019,2026-01-11,97.85,114.0
SKU00019,2026-01-18,101.08,113.0
SKU00019,2026-01-25,93.49,115.0
SKU00019,2026-02-01,93.87,109.0
SKU00020,2026-01-11,88.45,83.0
SKU00020,2026-01-18,89.75,95.0
SKU00020,2026-01-25,93.98,100.0
SKU00020,2026-02-01,89.04,79.0
SKU00021,2026-01-11,46.28,63.0
SKU00021,2026-01-18,47.45,60.0
SKU00021,2026-01-25,47.41,57.0
SKU00021,2026-02-01,50.45,73.0
SKU00022,2026-01-11,72.91,77.0
SKU00022,2026-01-18,71.68,69.0
SKU00022,2026-01-25,70.08,79.0
SKU00022,2026-02-01,69.86,75.0
SKU00023,2026-01-11,82.51,114.0
SKU00023,2026-01-18,89.73,92.0
SKU00023,2026-01-25,80.9,83.0
SKU00023,2026-02-01,92.46,106.0
SKU00024,2026-01-11,73.18,77.0
SKU00024,2026-01-18,82.64,73.0
SKU00024,2026-01-25,85.48,80.0
SKU00024,2026-02-01,88.58,88.0
SKU00025,2026-01-11,15.99,21.0
SKU00025,2026-01-18,14.28,12.0
SKU00025,2026-01-25,18.12,21.0
SKU00025,2026-02-01,17.27,17.0
SKU00026,2026-01-11,150.53,165.0
SKU00026,2026-01-18,138.79,136.0
SKU00026,2026-01-25,141.61,165.0
SKU00026,2026-02-01,151.82,161.0
SKU00027,2026-01-11,141.8,167.0
SKU00027,2026-01-18,149.73,190.0
SKU00027,2026-01-25,151.87,179.0
SKU00027,2026-02-01,160.89,160.0
SKU00028,2026-01-11,32.02,41.0
SKU00028,2026-01-18,33.08,43.0
SKU00028,2026-01-25,33.74,42.0
SKU00028,2026-02-01,33.4,38.0
SKU00029,2026-01-11,104.34,110.0
SKU00029,2026-01-18,95.79,124.0
SKU00029,2026-01-25,99.02,91.0
SKU00029,2026-02-01,92.74,111.0
SKU00030,2026-01-11,32.27,31.0
SKU00030,2026-01-18,32.02,34.0
SKU00030,2026-01-25,29.36,36.0
SKU00030,2026-02-01,26.98,26.0
SKU00031,2026-01-11,106.95,145.0
SKU00031,2026-01-18,130.11,132.0
SKU00031,2026-01-25,111.08,140.0
SKU00031,2026-02-01,104.09,131.0
SKU00032,2026-01-11,54.65,54.0
SKU00032,2026-01-18,63.08,67.0
SKU00032,2026-01-25,59.95,64.0
SKU00032,2026-02-01,59.27,63.0
SKU00033,2026-01-11,101.83,123.0
SKU00033,2026-01-18,113.72,138.0
SKU00033,2026-01-25,113.08,129.0
SKU00033,2026-02-01,116.12,139.0
SKU00034,2026-01-11,112.55,128.0
SKU00034,2026-01-18,121.15,134.0
SKU00034,2026-01-25,120.65,148.0
SKU00034,2026-02-01,124.68,142.0
SKU00035,2026-01-11,133.37,149.0
SKU00035,2026-01-18,128.98,122.0
SKU00035,2026-01-25,137.58,148.0
SKU00035,2026-02-01,136.73,140.0
SKU00036,2026-01-11,30.03,32.0
SKU00036,2026-01-18,33.84,36.0
SKU00036,2026-01-25,33.32,38.0
SKU00036,2026-02-01,34.12,39.0
SKU00037,2026-01-11,125.89,156.0
SKU00037,2026-01-18,136.91,158.0
SKU00037,2026-01-25,130.52,163.0
SKU00037,2026-02-01,142.33,167.0
SKU00038,2026-01-11,47.84,48.0
SKU00038,2026-01-18,47.52,48.0
SKU00038,2026-01-25,46.89,42.0
SKU00038,2026-02-01,46.39,46.0
SKU00039,2026-01-11,19.52,25.0
SKU00039,2026-01-18,22.55,25.0
SKU00039,2026-01-25,21.82,24.0
SKU00039,2026-02-01,22.13,25.0
SKU00040,2026-01-11,76.8,115.0
SKU00040,2026-01-18,76.78,112.0
SKU00040,2026-01-25,81.38,101.0
SKU00040,2026-02-01,87.63,110.0
SKU00041,2026-01-11,73.62,98.0
SKU00041,2026-01-18,72.28,74.0
SKU00041,2026-01-25,62.08,72.0
SKU00041,2026-02-01,64.83,80.0
SKU00042,2026-01-11,130.03,137.0
SKU00042,2026-01-18,140.01,155.0
SKU00042,2026-01-25,142.78,149.0
SKU00042,2026-02-01,144.44,162.0
SKU00043,2026-01-11,124.73,166.0
SKU00043,2026-01-18,121.99,157.0
SKU00043,2026-01-25,123.7,155.0
SKU00043,2026-02-01,129.29,161.0
SKU00044,2026-01-11,61.5,76.0
SKU00044,2026-01-18,65.15,81.0
SKU00044,2026-01-25,63.55,71.0
SKU00044,2026-02-01,61.88,67.0
SKU00045,2026-01-11,133.09,169.0
SKU00045,2026-01-18,132.43,145.0
SKU00045,2026-01-25,150.69,184.0
SKU00045,2026-02-01,152.85,184.0
SKU00046,2026-01-11,58.82,72.0
SKU00046,2026-01-18,56.02,66.0
SKU00046,2026-01-25,53.45,60.0
SKU00046,2026-02-01,53.47,66.0
SKU00047,2026-01-11,93.62,110.0
SKU00047,2026-01-18,93.54,84.0
SKU00047,2026-01-25,89.46,90.0
SKU00047,2026-02-01,97.38,99.0
SKU00048,2026-01-11,50.82,57.0
SKU00048,2026-01-18,48.18,61.0
SKU00048,2026-01-25,57.59,71.0
SKU00048,2026-02-01,57.72,63.0
SKU00049,2026-01-11,145.29,177.0
SKU00049,2026-01-18,170.93,183.0
SKU00049,2026-01-25,141.87,154.0
SKU00049,2026-02-01,166.92,160.0
SKU00050,2026-01-11,36.36,40.0
SKU00050,2026-01-18,36.17,40.0
SKU00050,2026-01-25,36.66,45.0
SKU00050,2026-02-01,36.6,36.0
