Snapshot_Date,SKU,Current_Stock,On_Order,Lead_Time_Days,Safety_Stock,Reorder_Point,Inventory_Value,SKU_Standard,Forecast_Horizon_Units,Forecast_4W_Units,Forecast_Weekly_Units,Lead_Time_Demand,Available_Stock,Stock_Coverage_Weeks,Stockout_Risk,Overstock_Risk,Recommended_Order,Recommended_Action,sku_name,category,subcategory,brand,unit_price,cost_price
2025-12-01,SKU049,780,599,5,206,344,4123321.8,SKU00049,625.01,625.01,156.2525,111.60892857142858,1379,8.825458792659317,False,True,0,Markdown / Clear,CityFresh Oral Care 500ml,Personal Care,Oral Care,CityFresh,584.25,442.65
2025-12-01,SKU025,1124,61,14,121,582,4384724.0,SKU00025,65.66,65.66,16.415,32.83,1185,72.1900700578739,False,True,0,Markdown / Clear,CityFresh Mobile Accessories Pack of 6,Electronics & Accessories,Mobile Accessories,CityFresh,2441.35,1483.61
2025-12-01,SKU047,201,129,9,44,99,1231834.53,SKU00047,374.0,374.0,93.5,120.21428571428572,330,3.5294117647058822,False,False,0,Watch / Healthy,NutriPlus Men's Grooming 1L,Personal Care,Men's Grooming,NutriPlus,289.44,165.62
2025-12-01,SKU020,1002,353,3,129,227,5550418.68,SKU00020,361.22,361.22,90.305,38.70214285714286,1355,15.004706273185315,False,True,0,Markdown / Clear,SmartBuy Rice & Grains 2L,Grocery,Rice & Grains,SmartBuy,109.5,69.58
2025-12-01,SKU019,227,114,14,25,126,738421.92,SKU00019,386.28999999999996,386.28999999999996,96.57249999999999,193.14499999999998,341,3.5310259131740405,False,False,0,Watch / Healthy,PremiumSelect Hair Care 500ml,Personal Care,Hair Care,PremiumSelect,394.36,229.13
2025-12-01,SKU018,235,102,8,66,184,627647.4,SKU00018,603.29,603.29,150.8225,172.3685714285714,337,2.2344146264648845,False,False,0,Watch / Healthy,PurePlus Chips & Crisps Small,Snacks & Confectionery,Chips & Crisps,PurePlus,93.88,70.86
2025-12-01,SKU017,95,26,12,108,274,636809.7,SKU00017,350.3,350.3,87.575,150.12857142857143,121,1.3816728518412789,True,False,153,Expedite / Reorder,CleanWave Eggs Large,Dairy & Bakery,Eggs,CleanWave,280.39,218.27
2025-12-01,SKU016,255,187,11,30,129,512180.25,SKU00016,345.1,345.1,86.275,135.57500000000002,442,5.123152709359606,False,False,0,Watch / Healthy,PrimeCare Men's Wear 500g,Apparel & Footwear,Men's Wear,PrimeCare,3478.65,2163.92
2025-12-01,SKU015,187,245,9,119,265,235038.43,SKU00015,78.36,78.36,19.59,25.18714285714286,432,22.052067381317,False,True,0,Markdown / Clear,EverydayPlus Dishwashing 2L,Home Care,Dishwashing,EverydayPlus,277.24,205.47
2025-12-01,SKU014,309,334,10,130,299,964407.54,SKU00014,483.74,483.74,120.935,172.76428571428573,643,5.316905775829992,False,False,0,Watch / Healthy,EliteHome Men's Grooming Medium,Personal Care,Men's Grooming,EliteHome,161.5,126.47
2025-12-01,SKU013,151,95,4,32,61,1169978.2,SKU00013,277.28,277.28,69.32,39.61142857142857,246,3.5487593768032317,False,False,0,Watch / Healthy,PrimeCare Hair Care Pack of 12,Personal Care,Hair Care,PrimeCare,521.95,402.76
2025-12-01,SKU012,47,60,12,16,58,67949.78,SKU00012,541.3299999999999,541.3299999999999,135.33249999999998,231.99857142857138,107,0.7906452625939816,True,False,0,Expedite / Reorder,HomeStyle Vitamins & Supplements 1kg,Health & Wellness,Vitamins & Supplements,HomeStyle,813.52,526.59
2025-12-01,SKU021,88,97,9,36,88,27021.28,SKU00021,191.59,191.59,47.8975,61.5825,185,3.862414531029803,False,False,0,Watch / Healthy,DailyBest Tea Family Pack,Beverages,Tea,DailyBest,116.7,73.74
2025-12-01,SKU011,753,269,3,179,247,2911918.77,SKU00011,79.82,79.82,19.955,8.552142857142856,1022,51.215234277123535,False,True,0,Markdown / Clear,PremiumSelect Writing Instruments 500g,Stationery & Office,Writing Instruments,PremiumSelect,123.36,83.12
2025-12-01,SKU009,75,89,7,63,131,224818.5,SKU00009,247.24,247.24,61.81,61.81,164,2.653292347516583,False,False,0,Watch / Healthy,SmartBuy Frozen Vegetables Medium,Frozen Foods,Frozen Vegetables,SmartBuy,251.86,178.03
2025-12-01,SKU008,325,155,3,91,161,2165845.5,SKU00008,421.34000000000003,421.34000000000003,105.33500000000001,45.14357142857143,480,4.556889922627806,False,False,0,Watch / Healthy,CleanWave Frozen Vegetables 100g,Frozen Foods,Frozen Vegetables,CleanWave,492.11,358.31
2025-12-01,SKU007,207,460,8,98,237,941442.21,SKU00007,619.89,619.89,154.9725,177.11142857142855,667,4.303989417477294,False,False,0,Watch / Healthy,GreenValley Energy Drinks Pack of 12,Beverages,Energy Drinks,GreenValley,129.75,78.97
2025-12-01,SKU006,359,485,13,129,340,2378877.6,SKU00006,152.97,152.97,38.2425,71.02178571428571,844,22.06968686670589,False,True,0,Markdown / Clear,UrbanBite OTC Medicine 100g,Health & Wellness,OTC Medicine,UrbanBite,1413.92,830.81
2025-12-01,SKU005,471,291,6,129,245,3500674.53,SKU00005,423.58,423.58,105.895,90.76714285714284,762,7.195807167477218,False,False,0,Watch / Healthy,SunriseFoods Pest Control Pack of 6,Home Care,Pest Control,SunriseFoods,138.5,83.46
2025-12-01,SKU004,259,254,6,98,196,321905.92,SKU00004,127.33,127.33,31.8325,27.284999999999997,513,16.115605120552893,False,True,0,Markdown / Clear,SunriseFoods Eggs Large,Dairy & Bakery,Eggs,SunriseFoods,233.64,156.32
2025-12-01,SKU003,349,12,3,88,123,2145941.67,SKU00003,130.57,130.57,32.6425,13.989642857142856,361,11.059201960634143,False,True,0,Markdown / Clear,SoftTouch Notebooks 2L,Stationery & Office,Notebooks,SoftTouch,151.28,83.67
2025-12-01,SKU002,526,29,3,94,149,2974319.6,SKU00002,204.74,204.74,51.185,21.93642857142857,555,10.84302041613754,False,True,0,Markdown / Clear,CrispKing Bread Family Pack,Dairy & Bakery,Bread,CrispKing,70.38,49.57
2025-12-01,SKU001,771,147,4,159,289,2815160.01,SKU00001,323.78999999999996,323.78999999999996,80.94749999999999,46.25571428571428,918,11.340683776521821,False,True,0,Markdown / Clear,NutriPlus Cookware Large,Home & Kitchen,Cookware,NutriPlus,813.41,619.77
2025-12-01,SKU010,83,70,13,22,60,595250.27,SKU00010,401.74,401.74,100.435,186.52214285714288,153,1.523373326031762,True,False,0,Expedite / Reorder,SparkleClean Footwear 250ml,Apparel & Footwear,Footwear,SparkleClean,1602.79,1096.65
2025-12-01,SKU022,95,194,8,76,163,513246.05,SKU00022,284.53,284.53,71.1325,81.2942857142857,289,4.062840473763751,False,False,0,Watch / Healthy,PrimeCare Bottled Water 250ml,Beverages,Bottled Water,PrimeCare,201.01,147.24
2025-12-01,SKU023,130,79,12,41,148,494858.0,SKU00023,345.6,345.6,86.4,148.11428571428573,209,2.4189814814814814,False,False,0,Watch / Healthy,MetroBrand Footwear 100g,Apparel & Footwear,Footwear,MetroBrand,2028.91,1381.64
2025-12-01,SKU024,341,18,14,60,259,454699.63,SKU00024,329.88,329.88,82.47,164.94,359,4.353098096277434,False,False,0,Watch / Healthy,HealthFirst Batteries 500g,Electronics & Accessories,Batteries,HealthFirst,2711.05,1671.96
2025-12-01,SKU046,119,182,4,46,96,563935.05,SKU00046,221.76,221.76,55.44,31.679999999999996,301,5.42929292929293,False,False,0,Watch / Healthy,QuickBite Bottled Water Pack of 12,Beverages,Bottled Water,QuickBite,154.0,120.46
2025-12-01,SKU045,307,142,4,88,142,558224.24,SKU00045,569.06,569.06,142.265,81.2942857142857,449,3.1560819597230525,False,False,0,Watch / Healthy,SmartBuy Writing Instruments 1L,Stationery & Office,Writing Instruments,SmartBuy,352.71,253.27
2025-12-01,SKU044,223,39,5,55,93,222337.69,SKU00044,252.08,252.08,63.02,45.01428571428572,262,4.157410345921929,False,False,0,Watch / Healthy,PureLife Skin Care 2kg,Personal Care,Skin Care,PureLife,525.77,309.26
2025-12-01,SKU043,559,211,12,142,393,2086495.45,SKU00043,499.71,499.71,124.9275,214.16142857142856,770,6.163574873426588,False,False,0,Watch / Healthy,NovaFresh First Aid Pack of 6,Health & Wellness,First Aid,NovaFresh,615.37,414.79
2025-12-01,SKU042,90,120,6,41,88,698500.8,SKU00042,557.26,557.26,139.315,119.41285714285713,210,1.5073753723576069,False,False,0,Watch / Healthy,ValueChoice OTC Medicine Large,Health & Wellness,OTC Medicine,ValueChoice,1110.09,617.92
2025-12-01,SKU041,440,40,4,78,139,2496001.2,SKU00041,272.81,272.81,68.2025,38.972857142857144,480,7.037865180895128,False,False,0,Watch / Healthy,NovaFresh Small Appliances Family Pack,Electronics & Accessories,Small Appliances,NovaFresh,2490.74,1754.57
2025-12-01,SKU040,67,29,9,36,93,78024.85,SKU00040,322.59,322.59,80.6475,103.68964285714286,96,1.1903654794010974,True,False,0,Expedite / Reorder,CityFresh Cheese Pack of 6,Dairy & Bakery,Cheese,CityFresh,206.7,118.43
2025-12-01,SKU039,93,35,3,17,31,284026.65,SKU00039,86.02,86.02,21.505,9.21642857142857,128,5.952104161822832,False,False,0,Watch / Healthy,GreenValley Candy 1kg,Snacks & Confectionery,Candy,GreenValley,124.83,79.49
2025-12-01,SKU038,159,310,12,56,175,509262.69,SKU00038,188.64000000000001,188.64000000000001,47.160000000000004,80.8457142857143,469,9.944868532654791,False,True,0,Markdown / Clear,CleanWave Skin Care Medium,Personal Care,Skin Care,CleanWave,377.52,240.69
2025-12-01,SKU037,355,687,8,315,644,2004500.4,SKU00037,535.65,535.65,133.9125,153.04285714285712,1042,7.781200410715953,False,False,0,Watch / Healthy,EverydayPlus Energy Drinks 100g,Beverages,Energy Drinks,EverydayPlus,109.86,86.73
2025-12-01,SKU036,383,135,3,77,129,574446.38,SKU00036,131.31,131.31,32.8275,14.068928571428572,518,15.779453202345595,False,True,0,Markdown / Clear,CleanWave Air Fresheners Medium,Home Care,Air Fresheners,CleanWave,188.79,145.16
2025-12-01,SKU035,670,76,8,137,304,3918347.6,SKU00035,536.66,536.66,134.165,153.33142857142855,746,5.560317519472292,False,False,0,Watch / Healthy,PremiumSelect Air Fresheners Large,Home Care,Air Fresheners,PremiumSelect,215.32,130.18
2025-12-01,SKU034,34,103,5,34,58,52497.36,SKU00034,479.03000000000003,479.03000000000003,119.75750000000001,85.54107142857144,137,1.1439784564641045,False,False,0,Watch / Healthy,TrueTaste Small Appliances Large,Electronics & Accessories,Small Appliances,TrueTaste,2105.17,1355.55
2025-12-01,SKU033,208,168,12,55,183,707096.0,SKU00033,444.75,444.75,111.1875,190.60714285714283,376,3.381675098369871,False,False,0,Watch / Healthy,NovaFresh Air Fresheners Pack of 6,Home Care,Air Fresheners,NovaFresh,164.5,112.21
2025-12-01,SKU032,278,214,11,60,185,1269626.0,SKU00032,236.95,236.95,59.2375,93.08749999999999,492,8.305549694028276,False,True,0,Markdown / Clear,PrimeCare Coffee 250ml,Beverages,Coffee,PrimeCare,51.91,30.84
2025-12-01,SKU031,93,40,13,28,113,234857.55,SKU00031,452.23,452.23,113.0575,209.9639285714286,133,1.1763925436171858,True,False,0,Expedite / Reorder,BasicNeeds Office Supplies 100g,Stationery & Office,Office Supplies,BasicNeeds,151.46,121.13
2025-12-01,SKU030,166,32,9,43,104,342462.98,SKU00030,120.63000000000001,120.63000000000001,30.157500000000002,38.77392857142858,198,6.565530962447152,False,False,0,Watch / Healthy,FreshFarm Frozen Meat 500ml,Frozen Foods,Frozen Meat,FreshFarm,402.34,283.65
2025-12-01,SKU029,261,520,5,196,329,891602.1,SKU00029,391.89,391.89,97.9725,69.98035714285714,781,7.9716246906019546,False,False,0,Watch / Healthy,BasicNeeds Cookware 2kg,Home & Kitchen,Cookware,BasicNeeds,1987.18,1222.63
2025-12-01,SKU028,174,55,11,114,337,85058.16,SKU00028,132.24,132.24,33.06,51.95142857142857,229,6.926799758015728,False,False,108,Plan Reorder,NatureBlend Bottled Water Pack of 6,Beverages,Bottled Water,NatureBlend,94.45,63.96
2025-12-01,SKU027,567,103,3,83,133,2599048.62,SKU00027,604.29,604.29,151.0725,64.74535714285713,670,4.434956726075229,False,False,0,Watch / Healthy,TrueTaste Mobile Accessories Small,Electronics & Accessories,Mobile Accessories,TrueTaste,608.24,435.8
2025-12-01,SKU026,160,70,5,31,59,988598.4,SKU00026,582.75,582.75,145.6875,104.0625,230,1.5787215787215787,False,False,0,Watch / Healthy,PrimeCare Laundry Family Pack,Home Care,Laundry,PrimeCare,287.47,190.99
2025-12-01,SKU048,106,50,3,22,31,381464.32,SKU00048,214.31,214.31,53.5775,22.961785714285714,156,2.911670010732117,False,False,0,Watch / Healthy,BasicNeeds Energy Drinks 500ml,Beverages,Energy Drinks,BasicNeeds,111.68,83.14
2025-12-01,SKU050,328,525,14,69,316,1138983.28,SKU00050,145.79,145.79,36.4475,72.895,853,23.403525619041087,False,True,0,Markdown / Clear,PremiumSelect Office Supplies 2L,Stationery & Office,Office Supplies,PremiumSelect,34.08,20.25
