SKU_Standard,Current_Stock,On_Order,Lead_Time_Days,Safety_Stock,Reorder_Point,Inventory_Value,Snapshot_Date,sku_name,category,subcategory,unit_price,cost_price,brand,Forecast_4W_Units,Forecast_Weekly_Units,Stock_Coverage_Weeks,Stockout_Risk,Overstock_Risk,Recommended_Action
SKU00001,771,147,4,159,289,2815160.01,2025-12-01,NutriPlus Cookware Large,Home & Kitchen,Cookware,813.41,619.77,NutriPlus,307.81605351650813,76.95401337912703,11.92920238581082,False,True,Markdown / Clear
SKU00002,526,29,3,94,149,2974319.6,2025-12-01,CrispKing Bread Family Pack,Dairy & Bakery,Bread,70.38,49.57,CrispKing,248.47171649765752,62.11792912441438,8.934618520337422,False,True,Markdown / Clear
SKU00003,349,12,3,88,123,2145941.67,2025-12-01,SoftTouch Notebooks 2L,Stationery & Office,Notebooks,151.28,83.67,SoftTouch,127.49685844371196,31.874214610927996,11.32576925915006,False,True,Markdown / Clear
SKU00004,259,254,6,98,196,321905.92,2025-12-01,SunriseFoods Eggs Large,Dairy & Bakery,Eggs,233.64,156.32,SunriseFoods,133.45778614314025,33.36444653578506,15.375648430127004,False,True,Markdown / Clear
SKU00005,471,291,6,129,245,3500674.53,2025-12-01,SunriseFoods Pest Control Pack of 6,Home Care,Pest Control,138.5,83.46,SunriseFoods,401.1274724075783,100.28186810189456,7.598582021086262,False,False,Healthy
SKU00006,359,485,13,129,340,2378877.6,2025-12-01,UrbanBite OTC Medicine 100g,Health & Wellness,OTC Medicine,1413.92,830.81,UrbanBite,153.05955934582374,38.264889836455936,22.05677328766016,False,True,Markdown / Clear
SKU00007,207,460,8,98,237,941442.21,2025-12-01,GreenValley Energy Drinks Pack of 12,Beverages,Energy Drinks,129.75,78.97,GreenValley,638.7573255912251,159.68933139780628,4.176860120595149,False,False,Healthy
SKU00008,325,155,3,91,161,2165845.5,2025-12-01,CleanWave Frozen Vegetables 100g,Frozen Foods,Frozen Vegetables,492.11,358.31,CleanWave,375.7814484880656,93.9453621220164,5.1093528105897885,False,False,Healthy
SKU00009,75,89,7,63,131,224818.5,2025-12-01,SmartBuy Frozen Vegetables Medium,Frozen Foods,Frozen Vegetables,251.86,178.03,SmartBuy,263.04514243057054,65.76128560764263,2.4938685198231627,False,False,Watch / Volatile
SKU00010,83,70,13,22,60,595250.27,2025-12-01,SparkleClean Footwear 250ml,Apparel & Footwear,Footwear,1602.79,1096.65,SparkleClean,387.7505546442249,96.9376386610562,1.5783342993836131,True,False,Reorder Now
SKU00011,753,269,3,179,247,2911918.77,2025-12-01,PremiumSelect Writing Instruments 500g,Stationery & Office,Writing Instruments,123.36,83.12,PremiumSelect,79.56743473373925,19.89185868343481,51.37780316381812,False,True,Markdown / Clear
SKU00012,47,60,12,16,58,67949.78,2025-12-01,HomeStyle Vitamins & Supplements 1kg,Health & Wellness,Vitamins & Supplements,813.52,526.59,HomeStyle,641.4580837661895,160.36452094154737,0.6672298796003721,True,False,Reorder Now
SKU00013,151,95,4,32,61,1169978.2,2025-12-01,PrimeCare Hair Care Pack of 12,Personal Care,Hair Care,521.95,402.76,PrimeCare,300.3323399454464,75.0830849863616,3.276370437425213,False,False,Watch / Volatile
SKU00014,309,334,10,130,299,964407.54,2025-12-01,EliteHome Men's Grooming Medium,Personal Care,Men's Grooming,161.5,126.47,EliteHome,481.4227583168146,120.35568957920366,5.34249774354751,False,False,Healthy
SKU00015,187,245,9,119,265,235038.43,2025-12-01,EverydayPlus Dishwashing 2L,Home Care,Dishwashing,277.24,205.47,EverydayPlus,84.31607163389612,21.07901790847403,20.494313438878507,False,True,Markdown / Clear
SKU00016,255,187,11,30,129,512180.25,2025-12-01,PrimeCare Men's Wear 500g,Apparel & Footwear,Men's Wear,3478.65,2163.92,PrimeCare,309.8053023284048,77.4513255821012,5.706810008454458,False,False,Healthy
SKU00017,95,26,12,108,274,636809.7,2025-12-01,CleanWave Eggs Large,Dairy & Bakery,Eggs,280.39,218.27,CleanWave,329.5847502655854,82.39618756639635,1.46851454628888,True,False,Reorder Now
SKU00018,235,102,8,66,184,627647.4,2025-12-01,PurePlus Chips & Crisps Small,Snacks & Confectionery,Chips & Crisps,93.88,70.86,PurePlus,634.6976488074449,158.67441220186123,2.123845901324517,False,False,Watch / Volatile
SKU00019,227,114,14,25,126,738421.92,2025-12-01,PremiumSelect Hair Care 500ml,Personal Care,Hair Care,394.36,229.13,PremiumSelect,391.4101141107683,97.85252852769209,3.484835855861381,False,False,Watch / Volatile
SKU00020,1002,353,3,129,227,5550418.68,2025-12-01,SmartBuy Rice & Grains 2L,Grocery,Rice & Grains,109.5,69.58,SmartBuy,313.51167992249816,78.37791998062454,17.28803214393752,False,True,Markdown / Clear
SKU00021,88,97,9,36,88,27021.28,2025-12-01,DailyBest Tea Family Pack,Beverages,Tea,116.7,73.74,DailyBest,205.4384661283285,51.359616532082136,3.602051816030178,False,False,Watch / Volatile
SKU00022,95,194,8,76,163,513246.05,2025-12-01,PrimeCare Bottled Water 250ml,Beverages,Bottled Water,201.01,147.24,PrimeCare,264.7968730957552,66.1992182739388,4.365610463919527,False,False,Healthy
SKU00023,130,79,12,41,148,494858.0,2025-12-01,MetroBrand Footwear 100g,Apparel & Footwear,Footwear,2028.91,1381.64,MetroBrand,353.5182596592691,88.37956491481728,2.3648000553231974,False,False,Watch / Volatile
SKU00024,341,18,14,60,259,454699.63,2025-12-01,HealthFirst Batteries 500g,Electronics & Accessories,Batteries,2711.05,1671.96,HealthFirst,286.0060607910162,71.50151519775405,5.020872620770373,False,False,Healthy
SKU00025,1124,61,14,121,582,4384724.0,2025-12-01,CityFresh Mobile Accessories Pack of 6,Electronics & Accessories,Mobile Accessories,2441.35,1483.61,CityFresh,84.0690054834434,21.01725137086085,56.38225375383438,False,True,Markdown / Clear
SKU00026,160,70,5,31,59,988598.4,2025-12-01,PrimeCare Laundry Family Pack,Home Care,Laundry,287.47,190.99,PrimeCare,547.1970038002244,136.7992509500561,1.6812957556614874,False,False,Watch / Volatile
SKU00027,567,103,3,83,133,2599048.62,2025-12-01,TrueTaste Mobile Accessories Small,Electronics & Accessories,Mobile Accessories,608.24,435.8,TrueTaste,623.930581278536,155.982645319634,4.295349643718763,False,False,Healthy
SKU00028,174,55,11,114,337,85058.16,2025-12-01,NatureBlend Bottled Water Pack of 6,Beverages,Bottled Water,94.45,63.96,NatureBlend,126.50416882548882,31.626042206372205,7.2408680955298195,False,False,Healthy
SKU00029,261,520,5,196,329,891602.1,2025-12-01,BasicNeeds Cookware 2kg,Home & Kitchen,Cookware,1987.18,1222.63,BasicNeeds,372.6587634549869,93.16469086374671,8.383004255788405,False,False,Healthy
SKU00030,166,32,9,43,104,342462.98,2025-12-01,FreshFarm Frozen Meat 500ml,Frozen Foods,Frozen Meat,402.34,283.65,FreshFarm,120.70244020493196,30.175610051232997,6.561590624475531,False,False,Healthy
SKU00031,93,40,13,28,113,234857.55,2025-12-01,BasicNeeds Office Supplies 100g,Stationery & Office,Office Supplies,151.46,121.13,BasicNeeds,405.0548678983633,101.26371697459082,1.3134023120381062,True,False,Reorder Now
SKU00032,278,214,11,60,185,1269626.0,2025-12-01,PrimeCare Coffee 250ml,Beverages,Coffee,51.91,30.84,PrimeCare,212.2323341628171,53.058083540704274,9.272856597290309,False,False,Healthy
SKU00033,208,168,12,55,183,707096.0,2025-12-01,NovaFresh Air Fresheners Pack of 6,Home Care,Air Fresheners,164.5,112.21,NovaFresh,398.0630676436373,99.51576691090932,3.7782957582652297,False,False,Watch / Volatile
SKU00034,34,103,5,34,58,52497.36,2025-12-01,TrueTaste Small Appliances Large,Electronics & Accessories,Small Appliances,2105.17,1355.55,TrueTaste,466.2079675343758,116.55199188359396,1.1754410867283027,False,False,Watch / Volatile
SKU00035,670,76,8,137,304,3918347.6,2025-12-01,PremiumSelect Air Fresheners Large,Home Care,Air Fresheners,215.32,130.18,PremiumSelect,483.3004569265027,120.82511423162568,6.174213074360465,False,False,Healthy
SKU00036,383,135,3,77,129,574446.38,2025-12-01,CleanWave Air Fresheners Medium,Home Care,Air Fresheners,188.79,145.16,CleanWave,126.07563603465812,31.51890900866453,16.43457899693172,False,True,Markdown / Clear
SKU00037,355,687,8,315,644,2004500.4,2025-12-01,EverydayPlus Energy Drinks 100g,Beverages,Energy Drinks,109.86,86.73,EverydayPlus,577.1076181070041,144.27690452675105,7.222223150807884,False,False,Healthy
SKU00038,159,310,12,56,175,509262.69,2025-12-01,CleanWave Skin Care Medium,Personal Care,Skin Care,377.52,240.69,CleanWave,203.7220291280464,50.9305072820116,9.208626126636842,False,False,Healthy
SKU00039,93,35,3,17,31,284026.65,2025-12-01,GreenValley Candy 1kg,Snacks & Confectionery,Candy,124.83,79.49,GreenValley,82.254547966145,20.56363699153625,6.224579827619175,False,False,Healthy
SKU00040,67,29,9,36,93,78024.85,2025-12-01,CityFresh Cheese Pack of 6,Dairy & Bakery,Cheese,206.7,118.43,CityFresh,333.88973269356694,83.47243317339174,1.150080288190301,True,False,Reorder Now
SKU00041,440,40,4,78,139,2496001.2,2025-12-01,NovaFresh Small Appliances Family Pack,Electronics & Accessories,Small Appliances,2490.74,1754.57,NovaFresh,266.17740879601234,66.54435219900309,7.213234243599579,False,True,Markdown / Clear
SKU00042,90,120,6,41,88,698500.8,2025-12-01,ValueChoice OTC Medicine Large,Health & Wellness,OTC Medicine,1110.09,617.92,ValueChoice,558.3109399011612,139.5777349752903,1.504537955406546,False,False,Watch / Volatile
SKU00043,559,211,12,142,393,2086495.45,2025-12-01,NovaFresh First Aid Pack of 6,Health & Wellness,First Aid,615.37,414.79,NovaFresh,553.4120349531872,138.3530087382968,5.565473472691166,False,False,Healthy
SKU00044,223,39,5,55,93,222337.69,2025-12-01,PureLife Skin Care 2kg,Personal Care,Skin Care,525.77,309.26,PureLife,235.34960553637944,58.83740138409486,4.452949889639837,False,False,Healthy
SKU00045,307,142,4,88,142,558224.24,2025-12-01,SmartBuy Writing Instruments 1L,Stationery & Office,Writing Instruments,352.71,253.27,SmartBuy,607.3871829052853,151.84679572632132,2.956927723448627,False,False,Watch / Volatile
SKU00046,119,182,4,46,96,563935.05,2025-12-01,QuickBite Bottled Water Pack of 12,Beverages,Bottled Water,154.0,120.46,QuickBite,220.2636509580071,55.065912739501776,5.466176533274392,False,False,Healthy
SKU00047,201,129,9,44,99,1231834.53,2025-12-01,NutriPlus Men's Grooming 1L,Personal Care,Men's Grooming,289.44,165.62,NutriPlus,353.56932083831055,88.39233020957764,3.7333555888567727,False,False,Watch / Volatile
SKU00048,106,50,3,22,31,381464.32,2025-12-01,BasicNeeds Energy Drinks 500ml,Beverages,Energy Drinks,111.68,83.14,BasicNeeds,170.76251357765346,42.690628394413366,3.6541977915793495,False,False,Watch / Volatile
SKU00049,780,599,5,206,344,4123321.8,2025-12-01,CityFresh Oral Care 500ml,Personal Care,Oral Care,584.25,442.65,CityFresh,623.6851748771394,155.92129371928485,8.844205734225772,False,False,Healthy
SKU00050,328,525,14,69,316,1138983.28,2025-12-01,PremiumSelect Office Supplies 2L,Stationery & Office,Office Supplies,34.08,20.25,PremiumSelect,145.69666279154336,36.42416569788584,23.41851854823707,False,True,Markdown / Clear
