SKU_Standard,cutoff,horizon_weeks,model_wape_percent,seasonal_naive_wape_percent,model_mae,model_rmse,seasonal_naive_mae,seasonal_naive_rmse
SKU00001,2025-09-14,4,10.55,15.04,8.94,9.54,12.75,15.24
SKU00001,2025-10-12,4,8.17,9.86,7.04,7.32,8.5,8.75
SKU00001,2025-11-09,4,2.76,9.33,2.36,2.76,8.0,9.3
SKU00001,2025-12-07,4,24.28,30.38,17.79,27.35,22.25,26.19
SKU00002,2025-09-14,4,15.46,17.05,9.97,10.2,11.0,12.59
SKU00002,2025-10-12,4,13.55,16.67,8.54,8.98,10.5,12.35
SKU00002,2025-11-09,4,6.89,13.69,4.15,7.07,8.25,9.47
SKU00002,2025-12-07,4,34.14,33.51,16.04,21.66,15.75,22.72
SKU00003,2025-09-14,4,11.61,15.29,4.56,4.73,6.0,7.52
SKU00003,2025-10-12,4,16.89,20.0,5.91,6.96,7.0,12.06
SKU00003,2025-11-09,4,10.89,6.9,3.95,4.62,2.5,3.67
SKU00003,2025-12-07,4,39.77,50.47,10.64,12.87,13.5,15.54
SKU00004,2025-09-14,4,18.8,8.57,4.93,6.77,2.25,2.4
SKU00004,2025-10-12,4,13.49,8.41,3.61,4.06,2.25,2.87
SKU00004,2025-11-09,4,7.32,16.51,1.99,2.72,4.5,5.34
SKU00004,2025-12-07,4,46.67,44.25,13.18,16.89,12.5,16.75
SKU00005,2025-09-14,4,7.54,6.98,7.55,8.18,7.0,8.34
SKU00005,2025-10-12,4,4.81,8.55,5.07,6.41,9.0,9.85
SKU00005,2025-11-09,4,6.27,13.08,6.47,6.87,13.5,15.84
SKU00005,2025-12-07,4,20.55,21.33,18.55,32.31,19.25,30.99
SKU00006,2025-09-14,4,8.33,8.62,3.62,4.29,3.75,4.72
SKU00006,2025-10-12,4,21.26,13.04,7.34,7.65,4.5,5.15
SKU00006,2025-11-09,4,9.96,11.76,3.81,4.66,4.5,4.74
SKU00006,2025-12-07,4,28.38,27.59,10.29,14.53,10.0,13.3
SKU00007,2025-09-14,4,8.83,6.38,13.49,15.84,9.75,14.13
SKU00007,2025-10-12,4,8.27,11.49,12.06,13.81,16.75,21.5
SKU00007,2025-11-09,4,10.41,14.66,15.98,20.06,22.5,28.7
SKU00007,2025-12-07,4,22.16,29.32,29.48,52.09,39.0,55.36
SKU00008,2025-09-14,4,5.96,12.3,5.46,6.6,11.25,11.59
SKU00008,2025-10-12,4,15.39,18.63,15.7,17.0,19.0,24.59
SKU00008,2025-11-09,4,10.06,9.02,10.03,12.05,9.0,9.72
SKU00008,2025-12-07,4,29.93,28.61,26.41,39.11,25.25,35.15
SKU00009,2025-09-14,4,22.36,17.74,13.87,16.03,11.0,12.25
SKU00009,2025-10-12,4,14.04,13.31,8.7,9.76,8.25,10.31
SKU00009,2025-11-09,4,11.35,16.42,7.61,9.25,11.0,13.36
SKU00009,2025-12-07,4,30.9,28.92,19.23,24.55,18.0,23.85
SKU00010,2025-09-14,4,17.87,20.21,16.8,18.91,19.0,25.74
SKU00010,2025-10-12,4,9.81,12.21,9.64,13.4,12.0,13.44
SKU00010,2025-11-09,4,13.22,14.87,14.45,17.71,16.25,17.85
SKU00010,2025-12-07,4,19.38,23.68,17.39,33.13,21.25,34.87
SKU00011,2025-09-14,4,35.9,35.21,6.37,7.5,6.25,9.21
SKU00011,2025-10-12,4,13.88,34.33,2.33,3.27,5.75,6.42
SKU00011,2025-11-09,4,24.9,60.61,4.11,5.1,10.0,10.61
SKU00011,2025-12-07,4,38.68,43.94,6.38,8.38,7.25,8.5
SKU00012,2025-09-14,4,17.45,7.37,26.05,30.12,11.0,13.42
SKU00012,2025-10-12,4,5.93,8.7,8.53,10.6,12.5,17.9
SKU00012,2025-11-09,4,10.74,10.37,17.34,18.42,16.75,17.47
SKU00012,2025-12-07,4,23.32,25.59,31.89,52.06,35.0,47.86
SKU00013,2025-09-14,4,14.47,17.0,12.55,13.5,14.75,17.47
SKU00013,2025-10-12,4,30.33,17.06,22.22,23.93,12.5,13.47
SKU00013,2025-11-09,4,12.11,17.25,10.36,13.09,14.75,15.61
SKU00013,2025-12-07,4,37.74,30.56,28.4,35.6,23.0,29.5
SKU00014,2025-09-14,4,6.84,10.06,8.84,9.79,13.0,16.29
SKU00014,2025-10-12,4,9.45,5.23,11.74,13.24,6.5,7.55
SKU00014,2025-11-09,4,4.09,7.66,5.48,9.45,10.25,12.42
SKU00014,2025-12-07,4,26.54,28.17,28.26,42.92,30.0,42.42
SKU00015,2025-09-14,4,29.14,44.19,6.26,7.32,9.5,10.75
SKU00015,2025-10-12,4,21.08,33.33,3.79,4.9,6.0,7.38
SKU00015,2025-11-09,4,29.49,30.69,7.45,8.09,7.75,7.98
SKU00015,2025-12-07,4,42.52,51.16,9.14,12.12,11.0,13.47
SKU00016,2025-09-14,4,6.21,8.71,4.81,5.64,6.75,8.93
SKU00016,2025-10-12,4,14.0,8.33,12.6,14.55,7.5,8.22
SKU00016,2025-11-09,4,14.8,18.87,11.76,14.59,15.0,16.99
SKU00016,2025-12-07,4,28.79,33.79,21.09,29.09,24.75,31.54
SKU00017,2025-09-14,4,6.78,12.35,5.49,6.24,10.0,10.63
SKU00017,2025-10-12,4,16.3,15.71,13.49,16.24,13.0,14.23
SKU00017,2025-11-09,4,14.67,11.89,13.57,17.05,11.0,13.64
SKU00017,2025-12-07,4,24.83,19.55,19.37,31.01,15.25,24.42
SKU00018,2025-09-14,4,5.16,7.34,7.55,9.51,10.75,13.88
SKU00018,2025-10-12,4,7.99,5.68,11.96,12.47,8.5,12.43
SKU00018,2025-11-09,4,2.48,7.31,3.74,4.1,11.0,13.51
SKU00018,2025-12-07,4,26.73,28.47,36.16,57.96,38.5,62.18
SKU00019,2025-09-14,4,7.34,8.16,6.98,9.01,7.75,10.83
SKU00019,2025-10-12,4,6.31,7.49,5.9,6.83,7.0,7.71
SKU00019,2025-11-09,4,9.91,10.17,10.23,12.47,10.5,13.98
SKU00019,2025-12-07,4,24.99,23.05,21.68,33.19,20.0,31.33
SKU00020,2025-09-14,4,15.84,10.37,13.74,14.74,9.0,12.57
SKU00020,2025-10-12,4,12.77,16.42,10.89,11.42,14.0,17.73
SKU00020,2025-11-09,4,3.68,9.3,3.27,4.5,8.25,9.31
SKU00020,2025-12-07,4,28.87,23.83,21.51,27.25,17.75,25.97
SKU00021,2025-09-14,4,14.27,20.42,6.82,9.14,9.75,10.23
SKU00021,2025-10-12,4,16.14,21.13,8.6,10.1,11.25,13.68
SKU00021,2025-11-09,4,11.23,22.46,5.25,5.5,10.5,11.77
SKU00021,2025-12-07,4,26.77,22.86,11.71,19.9,10.0,14.85
SKU00022,2025-09-14,4,9.33,9.33,5.25,6.22,5.25,6.46
SKU00022,2025-10-12,4,11.58,12.09,6.23,7.21,6.5,6.86
SKU00022,2025-11-09,4,20.27,13.33,13.68,15.25,9.0,9.08
SKU00022,2025-12-07,4,38.74,49.78,21.6,31.83,27.75,33.84
SKU00023,2025-09-14,4,18.05,14.32,16.69,20.24,13.25,15.93
SKU00023,2025-10-12,4,9.97,4.41,8.48,9.6,3.75,4.72
SKU00023,2025-11-09,4,5.36,12.12,4.87,6.06,11.0,12.51
SKU00023,2025-12-07,4,30.01,30.72,24.9,34.65,25.5,40.14
SKU00024,2025-09-14,4,15.58,10.74,11.61,14.68,8.0,9.57
SKU00024,2025-10-12,4,2.87,9.32,2.31,2.86,7.5,10.42
SKU00024,2025-11-09,4,5.93,13.29,4.91,6.7,11.0,11.68
SKU00024,2025-12-07,4,34.15,44.31,21.77,31.17,28.25,40.05
SKU00025,2025-09-14,4,40.95,30.65,6.35,7.09,4.75,5.81
SKU00025,2025-10-12,4,9.98,15.28,1.8,2.42,2.75,4.56
SKU00025,2025-11-09,4,30.8,40.35,4.39,5.8,5.75,7.57
SKU00025,2025-12-07,4,36.46,54.0,4.56,6.43,6.75,7.89
SKU00026,2025-09-14,4,5.47,9.25,7.1,11.06,12.0,13.44
SKU00026,2025-10-12,4,4.59,5.09,6.09,6.81,6.75,8.65
SKU00026,2025-11-09,4,6.25,8.32,8.45,9.69,11.25,14.29
SKU00026,2025-12-07,4,29.28,31.01,34.69,50.5,36.75,48.96
SKU00027,2025-09-14,4,6.52,11.35,9.91,10.72,17.25,18.81
SKU00027,2025-10-12,4,9.28,6.11,12.52,14.36,8.25,11.15
SKU00027,2025-11-09,4,10.09,2.23,15.82,16.61,3.5,5.39
SKU00027,2025-12-07,4,35.95,36.46,49.79,67.13,50.5,65.49
SKU00028,2025-09-14,4,29.54,30.97,8.34,10.31,8.75,10.64
SKU00028,2025-10-12,4,3.41,13.82,1.05,1.13,4.25,5.12
SKU00028,2025-11-09,4,24.06,17.65,9.2,9.78,6.75,6.98
SKU00028,2025-12-07,4,63.11,92.39,14.51,16.55,21.25,23.36
SKU00029,2025-09-14,4,8.2,11.91,7.4,9.24,10.75,12.34
SKU00029,2025-10-12,4,8.87,11.47,8.32,9.89,10.75,15.16
SKU00029,2025-11-09,4,6.1,17.2,5.76,6.91,16.25,16.82
SKU00029,2025-12-07,4,34.64,29.91,30.4,40.94,26.25,40.83
SKU00030,2025-09-14,4,14.83,12.8,4.64,5.16,4.0,4.74
SKU00030,2025-10-12,4,15.0,5.36,4.2,4.76,1.5,1.73
SKU00030,2025-11-09,4,10.96,15.25,3.23,3.66,4.5,4.64
SKU00030,2025-12-07,4,22.74,16.5,5.86,8.34,4.25,4.87
SKU00031,2025-09-14,4,10.85,2.47,12.1,12.36,2.75,3.35
SKU00031,2025-10-12,4,5.21,7.95,5.9,6.86,9.0,11.2
SKU00031,2025-11-09,4,9.49,10.14,10.53,12.45,11.25,15.82
SKU00031,2025-12-07,4,33.3,33.42,31.89,47.19,32.0,46.23
SKU00032,2025-09-14,4,11.92,19.43,6.29,7.65,10.25,11.24
SKU00032,2025-10-12,4,13.82,12.28,7.88,8.84,7.0,8.97
SKU00032,2025-11-09,4,11.54,15.38,6.75,8.67,9.0,14.82
SKU00032,2025-12-07,4,26.34,27.36,13.24,18.73,13.75,17.43
SKU00033,2025-09-14,4,20.99,13.18,22.3,25.89,14.0,15.48
SKU00033,2025-10-12,4,8.68,12.22,8.87,10.35,12.5,15.18
SKU00033,2025-11-09,4,15.35,14.56,18.19,18.39,17.25,20.09
SKU00033,2025-12-07,4,25.25,26.17,22.91,36.08,23.75,32.42
SKU00034,2025-09-14,4,20.24,20.39,23.33,24.47,23.5,29.01
SKU00034,2025-10-12,4,8.5,7.07,9.92,10.61,8.25,9.68
SKU00034,2025-11-09,4,10.23,10.61,13.5,16.2,14.0,14.3
SKU00034,2025-12-07,4,30.85,28.29,31.08,48.31,28.5,44.62
SKU00035,2025-09-14,4,9.65,7.55,12.13,17.08,9.5,11.29
SKU00035,2025-10-12,4,8.76,9.92,10.81,12.38,12.25,17.49
SKU00035,2025-11-09,4,3.15,3.29,4.06,4.63,4.25,5.07
SKU00035,2025-12-07,4,28.67,30.02,31.75,51.73,33.25,50.89
SKU00036,2025-09-14,4,17.33,29.82,4.94,6.19,8.5,9.57
SKU00036,2025-10-12,4,26.22,27.52,7.15,8.22,7.5,8.75
SKU00036,2025-11-09,4,7.41,15.45,2.28,3.58,4.75,5.94
SKU00036,2025-12-07,4,34.25,33.96,9.08,13.12,9.0,9.54
SKU00037,2025-09-14,4,10.4,5.76,15.34,19.58,8.5,12.79
SKU00037,2025-10-12,4,6.14,4.91,9.38,11.76,7.5,10.12
SKU00037,2025-11-09,4,4.45,9.27,6.84,8.09,14.25,14.65
SKU00037,2025-12-07,4,32.79,41.06,40.33,54.14,50.5,58.35
SKU00038,2025-09-14,4,15.78,15.25,6.98,8.54,6.75,8.29
SKU00038,2025-10-12,4,15.99,24.57,6.99,8.87,10.75,12.7
SKU00038,2025-11-09,4,20.37,28.23,10.65,12.39,14.75,16.92
SKU00038,2025-12-07,4,16.55,25.95,7.66,9.99,12.0,14.68
SKU00039,2025-09-14,4,16.65,26.74,3.58,3.95,5.75,6.73
SKU00039,2025-10-12,4,25.55,15.49,4.53,4.62,2.75,3.5
SKU00039,2025-11-09,4,20.36,29.49,3.97,4.59,5.75,6.26
SKU00039,2025-12-07,4,39.21,15.0,5.88,7.1,2.25,2.78
SKU00040,2025-09-14,4,19.37,13.84,17.14,18.44,12.25,13.74
SKU00040,2025-10-12,4,7.19,15.11,6.54,8.87,13.75,16.18
SKU00040,2025-11-09,4,10.93,8.54,9.92,10.55,7.75,9.18
SKU00040,2025-12-07,4,35.75,37.42,26.99,38.95,28.25,37.57
SKU00041,2025-09-14,4,20.1,16.47,12.51,14.17,10.25,14.77
SKU00041,2025-10-12,4,12.54,6.54,8.15,9.52,4.25,5.89
SKU00041,2025-11-09,4,14.33,10.79,9.96,11.75,7.5,9.97
SKU00041,2025-12-07,4,25.01,34.05,14.51,27.58,19.75,26.02
SKU00042,2025-09-14,4,14.53,9.98,20.38,21.24,14.0,14.76
SKU00042,2025-10-12,4,5.19,6.04,6.88,9.87,8.0,10.75
SKU00042,2025-11-09,4,5.49,7.58,7.6,7.68,10.5,11.64
SKU00042,2025-12-07,4,31.54,33.4,39.66,54.59,42.0,56.46
SKU00043,2025-09-14,4,13.51,10.52,17.02,19.22,13.25,13.96
SKU00043,2025-10-12,4,10.54,10.09,14.09,16.66,13.5,15.15
SKU00043,2025-11-09,4,8.94,7.75,11.82,13.01,10.25,12.5
SKU00043,2025-12-07,4,25.57,22.95,30.36,49.82,27.25,47.28
SKU00044,2025-09-14,4,21.22,9.91,11.25,12.6,5.25,6.18
SKU00044,2025-10-12,4,4.0,8.81,2.27,3.02,5.0,5.96
SKU00044,2025-11-09,4,6.14,3.37,3.19,4.36,1.75,1.8
SKU00044,2025-12-07,4,31.57,28.79,15.63,24.94,14.25,22.51
SKU00045,2025-09-14,4,13.8,5.57,19.8,24.89,8.0,9.41
SKU00045,2025-10-12,4,7.06,11.61,9.89,13.73,16.25,19.42
SKU00045,2025-11-09,4,9.11,7.09,14.46,16.17,11.25,13.07
SKU00045,2025-12-07,4,30.37,35.64,37.28,53.76,43.75,57.02
SKU00046,2025-09-14,4,11.22,18.52,6.82,8.85,11.25,11.95
SKU00046,2025-10-12,4,25.36,13.79,12.87,15.17,7.0,7.65
SKU00046,2025-11-09,4,4.91,13.36,2.66,3.0,7.25,8.05
SKU00046,2025-12-07,4,29.2,26.26,14.46,23.55,13.0,19.99
SKU00047,2025-09-14,4,13.13,12.39,11.12,12.18,10.5,12.63
SKU00047,2025-10-12,4,13.93,8.19,12.33,13.12,7.25,7.5
SKU00047,2025-11-09,4,13.26,17.11,12.6,15.13,16.25,18.85
SKU00047,2025-12-07,4,24.08,27.94,18.96,31.66,22.0,36.84
SKU00048,2025-09-14,4,10.48,2.49,5.26,6.41,1.25,1.5
SKU00048,2025-10-12,4,21.8,23.36,11.67,12.66,12.5,14.8
SKU00048,2025-11-09,4,18.24,22.17,9.26,10.53,11.25,12.38
SKU00048,2025-12-07,4,35.2,40.23,15.31,20.8,17.5,20.82
SKU00049,2025-09-14,4,6.88,6.12,10.41,13.73,9.25,9.81
SKU00049,2025-10-12,4,3.4,8.61,5.04,6.43,12.75,14.08
SKU00049,2025-11-09,4,8.93,8.64,13.95,14.46,13.5,14.92
SKU00049,2025-12-07,4,36.53,40.87,48.49,77.57,54.25,78.1
SKU00050,2025-09-14,4,6.9,16.2,2.45,2.62,5.75,7.33
SKU00050,2025-10-12,4,17.08,18.57,5.98,6.22,6.5,6.67
SKU00050,2025-11-09,4,9.84,15.89,3.72,4.24,6.0,6.44
SKU00050,2025-12-07,4,21.8,20.83,7.85,9.97,7.5,10.46
