date,sku,category,sales,stock,lead_time,unit_cost
2026-06-02,SKU-1001,Beverages,80,275,3,42
2026-06-03,SKU-1001,Beverages,82,195,3,42
2026-06-04,SKU-1001,Beverages,92,388,3,42
2026-06-05,SKU-1001,Beverages,66,296,3,42
2026-06-06,SKU-1001,Beverages,46,230,3,42
2026-06-07,SKU-1001,Beverages,53,184,3,42
2026-06-08,SKU-1001,Beverages,49,131,3,42
2026-06-09,SKU-1001,Beverages,47,467,3,42
2026-06-10,SKU-1001,Beverages,62,420,3,42
2026-06-11,SKU-1001,Beverages,64,358,3,42
2026-06-12,SKU-1001,Beverages,69,294,3,42
2026-06-13,SKU-1001,Beverages,45,225,3,42
2026-06-14,SKU-1001,Beverages,55,180,3,42
2026-06-15,SKU-1001,Beverages,42,125,3,42
2026-06-16,SKU-1001,Beverages,59,303,3,42
2026-06-17,SKU-1001,Beverages,58,244,3,42
2026-06-18,SKU-1001,Beverages,66,186,3,42
2026-06-19,SKU-1001,Beverages,62,120,3,42
2026-06-20,SKU-1001,Beverages,45,443,3,42
2026-06-21,SKU-1001,Beverages,49,398,3,42
2026-06-22,SKU-1001,Beverages,53,349,3,42
2026-06-23,SKU-1001,Beverages,65,296,3,42
2026-06-24,SKU-1001,Beverages,65,231,3,42
2026-06-25,SKU-1001,Beverages,53,166,3,42
2026-06-26,SKU-1001,Beverages,59,663,3,42
2026-06-27,SKU-1001,Beverages,62,604,3,42
2026-06-28,SKU-1001,Beverages,50,542,3,42
2026-06-29,SKU-1001,Beverages,43,492,3,42
2026-06-30,SKU-1001,Beverages,55,449,3,42
2026-07-01,SKU-1001,Beverages,67,394,3,42
2026-07-02,SKU-1001,Beverages,73,327,3,42
2026-07-03,SKU-1001,Beverages,83,254,3,42
2026-07-04,SKU-1001,Beverages,78,171,3,42
2026-07-05,SKU-1001,Beverages,66,313,3,42
2026-07-06,SKU-1001,Beverages,50,247,3,42
2026-07-07,SKU-1001,Beverages,45,197,3,42
2026-07-08,SKU-1001,Beverages,78,152,3,42
2026-07-09,SKU-1001,Beverages,62,404,3,42
2026-07-10,SKU-1001,Beverages,62,342,3,42
2026-07-11,SKU-1001,Beverages,66,280,3,42
2026-07-12,SKU-1001,Beverages,40,214,3,42
2026-07-13,SKU-1001,Beverages,63,174,3,42
2026-07-14,SKU-1001,Beverages,68,661,3,42
2026-07-15,SKU-1001,Beverages,74,593,3,42
2026-07-16,SKU-1001,Beverages,70,519,3,42
2026-07-17,SKU-1001,Beverages,72,449,3,42
2026-07-18,SKU-1001,Beverages,53,377,3,42
2026-07-19,SKU-1001,Beverages,56,324,3,42
2026-07-20,SKU-1001,Beverages,54,268,3,42
2026-07-21,SKU-1001,Beverages,45,214,3,42
2026-07-22,SKU-1001,Beverages,66,169,3,42
2026-07-23,SKU-1001,Beverages,64,543,3,42
2026-07-24,SKU-1001,Beverages,71,479,3,42
2026-07-25,SKU-1001,Beverages,65,408,3,42
2026-07-26,SKU-1001,Beverages,55,343,3,42
2026-07-27,SKU-1001,Beverages,43,288,3,42
2026-07-28,SKU-1001,Beverages,57,245,3,42
2026-07-29,SKU-1001,Beverages,65,188,3,42
2026-07-30,SKU-1001,Beverages,68,123,3,42
2026-07-31,SKU-1001,Beverages,67,385,3,42
2026-08-01,SKU-1001,Beverages,73,318,3,42
2026-08-02,SKU-1001,Beverages,50,245,3,42
2026-08-03,SKU-1001,Beverages,71,195,3,42
2026-08-04,SKU-1001,Beverages,82,124,3,42
2026-08-05,SKU-1001,Beverages,97,537,3,42
2026-08-06,SKU-1001,Beverages,66,440,3,42
2026-08-07,SKU-1001,Beverages,69,374,3,42
2026-08-08,SKU-1001,Beverages,59,305,3,42
2026-08-09,SKU-1001,Beverages,51,246,3,42
2026-08-10,SKU-1001,Beverages,49,195,3,42
2026-08-11,SKU-1001,Beverages,79,146,3,42
2026-08-12,SKU-1001,Beverages,56,507,3,42
2026-08-13,SKU-1001,Beverages,83,451,3,42
2026-08-14,SKU-1001,Beverages,71,368,3,42
2026-08-15,SKU-1001,Beverages,71,297,3,42
2026-08-16,SKU-1001,Beverages,53,226,3,42
2026-08-17,SKU-1001,Beverages,46,173,3,42
2026-08-18,SKU-1001,Beverages,42,127,3,42
2026-08-19,SKU-1001,Beverages,72,525,3,42
2026-08-20,SKU-1001,Beverages,66,453,3,42
2026-08-21,SKU-1001,Beverages,53,387,3,42
2026-08-22,SKU-1001,Beverages,65,334,3,42
2026-08-23,SKU-1001,Beverages,46,269,3,42
2026-08-24,SKU-1001,Beverages,51,223,3,42
2026-08-25,SKU-1001,Beverages,46,172,3,42
2026-08-26,SKU-1001,Beverages,72,126,3,42
2026-08-27,SKU-1001,Beverages,63,329,3,42
2026-08-28,SKU-1001,Beverages,85,266,3,42
2026-08-29,SKU-1001,Beverages,58,181,3,42
2026-08-30,SKU-1001,Beverages,45,123,3,42
2026-08-31,SKU-1001,Beverages,62,298,3,42
2026-09-01,SKU-1001,Beverages,58,236,3,42
2026-09-02,SKU-1001,Beverages,78,178,3,42
2026-09-03,SKU-1001,Beverages,109,650,3,42
2026-09-04,SKU-1001,Beverages,95,541,3,42
2026-09-05,SKU-1001,Beverages,78,446,3,42
2026-09-06,SKU-1001,Beverages,50,368,3,42
2026-09-07,SKU-1001,Beverages,48,318,3,42
2026-09-08,SKU-1001,Beverages,66,270,3,42
2026-09-09,SKU-1001,Beverages,69,204,3,42
2026-09-10,SKU-1001,Beverages,75,135,3,42
2026-09-11,SKU-1001,Beverages,69,390,3,42
2026-09-12,SKU-1001,Beverages,54,321,3,42
2026-09-13,SKU-1001,Beverages,43,267,3,42
2026-09-14,SKU-1001,Beverages,50,224,3,42
2026-09-15,SKU-1001,Beverages,61,174,3,42
2026-09-16,SKU-1001,Beverages,69,388,3,42
2026-09-17,SKU-1001,Beverages,92,319,3,42
2026-09-18,SKU-1001,Beverages,50,227,3,42
2026-09-19,SKU-1001,Beverages,66,177,3,42
2026-09-20,SKU-1001,Beverages,67,661,3,42
2026-09-21,SKU-1001,Beverages,61,594,3,42
2026-09-22,SKU-1001,Beverages,67,533,3,42
2026-09-23,SKU-1001,Beverages,68,466,3,42
2026-09-24,SKU-1001,Beverages,81,398,3,42
2026-09-25,SKU-1001,Beverages,91,317,3,42
2026-09-26,SKU-1001,Beverages,59,226,3,42
2026-09-27,SKU-1001,Beverages,44,167,3,42
2026-09-28,SKU-1001,Beverages,46,123,3,42
2026-09-29,SKU-1001,Beverages,68,297,3,42
2026-06-02,SKU-1002,Snacks,52,228,4,28
2026-06-03,SKU-1002,Snacks,51,176,4,28
2026-06-04,SKU-1002,Snacks,45,125,4,28
2026-06-05,SKU-1002,Snacks,28,270,4,28
2026-06-06,SKU-1002,Snacks,32,242,4,28
2026-06-07,SKU-1002,Snacks,37,210,4,28
2026-06-08,SKU-1002,Snacks,45,173,4,28
2026-06-09,SKU-1002,Snacks,56,128,4,28
2026-06-10,SKU-1002,Snacks,41,452,4,28
2026-06-11,SKU-1002,Snacks,36,411,4,28
2026-06-12,SKU-1002,Snacks,35,375,4,28
2026-06-13,SKU-1002,Snacks,43,340,4,28
2026-06-14,SKU-1002,Snacks,47,297,4,28
2026-06-15,SKU-1002,Snacks,52,250,4,28
2026-06-16,SKU-1002,Snacks,41,198,4,28
2026-06-17,SKU-1002,Snacks,38,157,4,28
2026-06-18,SKU-1002,Snacks,36,119,4,28
2026-06-19,SKU-1002,Snacks,40,273,4,28
2026-06-20,SKU-1002,Snacks,39,233,4,28
2026-06-21,SKU-1002,Snacks,43,194,4,28
2026-06-22,SKU-1002,Snacks,43,151,4,28
2026-06-23,SKU-1002,Snacks,43,108,4,28
2026-06-24,SKU-1002,Snacks,44,255,4,28
2026-06-25,SKU-1002,Snacks,36,211,4,28
2026-06-26,SKU-1002,Snacks,37,175,4,28
2026-06-27,SKU-1002,Snacks,28,138,4,28
2026-06-28,SKU-1002,Snacks,39,110,4,28
2026-06-29,SKU-1002,Snacks,42,375,4,28
2026-06-30,SKU-1002,Snacks,47,333,4,28
2026-07-01,SKU-1002,Snacks,38,286,4,28
2026-07-02,SKU-1002,Snacks,40,248,4,28
2026-07-03,SKU-1002,Snacks,50,208,4,28
2026-07-04,SKU-1002,Snacks,47,158,4,28
2026-07-05,SKU-1002,Snacks,69,111,4,28
2026-07-06,SKU-1002,Snacks,43,270,4,28
2026-07-07,SKU-1002,Snacks,41,227,4,28
2026-07-08,SKU-1002,Snacks,36,186,4,28
2026-07-09,SKU-1002,Snacks,36,150,4,28
2026-07-10,SKU-1002,Snacks,26,114,4,28
2026-07-11,SKU-1002,Snacks,41,316,4,28
2026-07-12,SKU-1002,Snacks,45,275,4,28
2026-07-13,SKU-1002,Snacks,36,230,4,28
2026-07-14,SKU-1002,Snacks,48,194,4,28
2026-07-15,SKU-1002,Snacks,55,146,4,28
2026-07-16,SKU-1002,Snacks,27,357,4,28
2026-07-17,SKU-1002,Snacks,29,330,4,28
2026-07-18,SKU-1002,Snacks,37,301,4,28
2026-07-19,SKU-1002,Snacks,46,264,4,28
2026-07-20,SKU-1002,Snacks,38,218,4,28
2026-07-21,SKU-1002,Snacks,57,180,4,28
2026-07-22,SKU-1002,Snacks,33,123,4,28
2026-07-23,SKU-1002,Snacks,42,356,4,28
2026-07-24,SKU-1002,Snacks,27,314,4,28
2026-07-25,SKU-1002,Snacks,43,287,4,28
2026-07-26,SKU-1002,Snacks,49,244,4,28
2026-07-27,SKU-1002,Snacks,62,195,4,28
2026-07-28,SKU-1002,Snacks,57,133,4,28
2026-07-29,SKU-1002,Snacks,54,304,4,28
2026-07-30,SKU-1002,Snacks,38,250,4,28
2026-07-31,SKU-1002,Snacks,23,212,4,28
2026-08-01,SKU-1002,Snacks,38,189,4,28
2026-08-02,SKU-1002,Snacks,38,151,4,28
2026-08-03,SKU-1002,Snacks,81,113,4,28
2026-08-04,SKU-1002,Snacks,73,184,4,28
2026-08-05,SKU-1002,Snacks,60,111,4,28
2026-08-06,SKU-1002,Snacks,37,203,4,28
2026-08-07,SKU-1002,Snacks,48,166,4,28
2026-08-08,SKU-1002,Snacks,42,118,4,28
2026-08-09,SKU-1002,Snacks,54,418,4,28
2026-08-10,SKU-1002,Snacks,41,364,4,28
2026-08-11,SKU-1002,Snacks,42,323,4,28
2026-08-12,SKU-1002,Snacks,38,281,4,28
2026-08-13,SKU-1002,Snacks,40,243,4,28
2026-08-14,SKU-1002,Snacks,38,203,4,28
2026-08-15,SKU-1002,Snacks,46,165,4,28
2026-08-16,SKU-1002,Snacks,44,119,4,28
2026-08-17,SKU-1002,Snacks,48,455,4,28
2026-08-18,SKU-1002,Snacks,47,407,4,28
2026-08-19,SKU-1002,Snacks,43,360,4,28
2026-08-20,SKU-1002,Snacks,49,317,4,28
2026-08-21,SKU-1002,Snacks,33,268,4,28
2026-08-22,SKU-1002,Snacks,40,235,4,28
2026-08-23,SKU-1002,Snacks,46,195,4,28
2026-08-24,SKU-1002,Snacks,53,149,4,28
2026-08-25,SKU-1002,Snacks,34,324,4,28
2026-08-26,SKU-1002,Snacks,35,290,4,28
2026-08-27,SKU-1002,Snacks,44,255,4,28
2026-08-28,SKU-1002,Snacks,51,211,4,28
2026-08-29,SKU-1002,Snacks,43,160,4,28
2026-08-30,SKU-1002,Snacks,52,117,4,28
2026-08-31,SKU-1002,Snacks,64,255,4,28
2026-09-01,SKU-1002,Snacks,51,191,4,28
2026-09-02,SKU-1002,Snacks,46,140,4,28
2026-09-03,SKU-1002,Snacks,50,360,4,28
2026-09-04,SKU-1002,Snacks,48,310,4,28
2026-09-05,SKU-1002,Snacks,56,262,4,28
2026-09-06,SKU-1002,Snacks,41,206,4,28
2026-09-07,SKU-1002,Snacks,38,165,4,28
2026-09-08,SKU-1002,Snacks,70,127,4,28
2026-09-09,SKU-1002,Snacks,37,437,4,28
2026-09-10,SKU-1002,Snacks,36,400,4,28
2026-09-11,SKU-1002,Snacks,39,364,4,28
2026-09-12,SKU-1002,Snacks,53,325,4,28
2026-09-13,SKU-1002,Snacks,37,272,4,28
2026-09-14,SKU-1002,Snacks,65,235,4,28
2026-09-15,SKU-1002,Snacks,42,170,4,28
2026-09-16,SKU-1002,Snacks,38,128,4,28
2026-09-17,SKU-1002,Snacks,36,432,4,28
2026-09-18,SKU-1002,Snacks,30,396,4,28
2026-09-19,SKU-1002,Snacks,42,366,4,28
2026-09-20,SKU-1002,Snacks,54,324,4,28
2026-09-21,SKU-1002,Snacks,37,270,4,28
2026-09-22,SKU-1002,Snacks,48,233,4,28
2026-09-23,SKU-1002,Snacks,43,185,4,28
2026-09-24,SKU-1002,Snacks,33,142,4,28
2026-09-25,SKU-1002,Snacks,33,109,4,28
2026-09-26,SKU-1002,Snacks,47,304,4,28
2026-09-27,SKU-1002,Snacks,41,257,4,28
2026-09-28,SKU-1002,Snacks,48,216,4,28
2026-09-29,SKU-1002,Snacks,44,168,4,28
2026-06-02,SKU-1003,Household,19,242,6,125
2026-06-03,SKU-1003,Household,24,223,6,125
2026-06-04,SKU-1003,Household,28,199,6,125
2026-06-05,SKU-1003,Household,21,171,6,125
2026-06-06,SKU-1003,Household,27,150,6,125
2026-06-07,SKU-1003,Household,23,123,6,125
2026-06-08,SKU-1003,Household,25,100,6,125
2026-06-09,SKU-1003,Household,15,295,6,125
2026-06-10,SKU-1003,Household,20,280,6,125
2026-06-11,SKU-1003,Household,26,260,6,125
2026-06-12,SKU-1003,Household,33,234,6,125
2026-06-13,SKU-1003,Household,25,201,6,125
2026-06-14,SKU-1003,Household,20,176,6,125
2026-06-15,SKU-1003,Household,21,156,6,125
2026-06-16,SKU-1003,Household,21,135,6,125
2026-06-17,SKU-1003,Household,21,114,6,125
2026-06-18,SKU-1003,Household,21,93,6,125
2026-06-19,SKU-1003,Household,24,226,6,125
2026-06-20,SKU-1003,Household,22,202,6,125
2026-06-21,SKU-1003,Household,18,180,6,125
2026-06-22,SKU-1003,Household,26,162,6,125
2026-06-23,SKU-1003,Household,16,136,6,125
2026-06-24,SKU-1003,Household,19,120,6,125
2026-06-25,SKU-1003,Household,19,101,6,125
2026-06-26,SKU-1003,Household,20,170,6,125
2026-06-27,SKU-1003,Household,30,150,6,125
2026-06-28,SKU-1003,Household,19,120,6,125
2026-06-29,SKU-1003,Household,22,101,6,125
2026-06-30,SKU-1003,Household,22,277,6,125
2026-07-01,SKU-1003,Household,20,255,6,125
2026-07-02,SKU-1003,Household,30,235,6,125
2026-07-03,SKU-1003,Household,36,205,6,125
2026-07-04,SKU-1003,Household,30,169,6,125
2026-07-05,SKU-1003,Household,20,139,6,125
2026-07-06,SKU-1003,Household,23,119,6,125
2026-07-07,SKU-1003,Household,22,96,6,125
2026-07-08,SKU-1003,Household,18,184,6,125
2026-07-09,SKU-1003,Household,28,166,6,125
2026-07-10,SKU-1003,Household,28,138,6,125
2026-07-11,SKU-1003,Household,18,110,6,125
2026-07-12,SKU-1003,Household,25,312,6,125
2026-07-13,SKU-1003,Household,18,287,6,125
2026-07-14,SKU-1003,Household,26,269,6,125
2026-07-15,SKU-1003,Household,24,243,6,125
2026-07-16,SKU-1003,Household,21,219,6,125
2026-07-17,SKU-1003,Household,25,198,6,125
2026-07-18,SKU-1003,Household,33,173,6,125
2026-07-19,SKU-1003,Household,29,140,6,125
2026-07-20,SKU-1003,Household,21,111,6,125
2026-07-21,SKU-1003,Household,15,244,6,125
2026-07-22,SKU-1003,Household,19,229,6,125
2026-07-23,SKU-1003,Household,19,210,6,125
2026-07-24,SKU-1003,Household,31,191,6,125
2026-07-25,SKU-1003,Household,32,160,6,125
2026-07-26,SKU-1003,Household,22,128,6,125
2026-07-27,SKU-1003,Household,22,106,6,125
2026-07-28,SKU-1003,Household,18,172,6,125
2026-07-29,SKU-1003,Household,27,154,6,125
2026-07-30,SKU-1003,Household,23,127,6,125
2026-07-31,SKU-1003,Household,20,104,6,125
2026-08-01,SKU-1003,Household,20,260,6,125
2026-08-02,SKU-1003,Household,27,240,6,125
2026-08-03,SKU-1003,Household,20,213,6,125
2026-08-04,SKU-1003,Household,28,193,6,125
2026-08-05,SKU-1003,Household,35,165,6,125
2026-08-06,SKU-1003,Household,29,130,6,125
2026-08-07,SKU-1003,Household,30,101,6,125
2026-08-08,SKU-1003,Household,28,269,6,125
2026-08-09,SKU-1003,Household,20,241,6,125
2026-08-10,SKU-1003,Household,26,221,6,125
2026-08-11,SKU-1003,Household,26,195,6,125
2026-08-12,SKU-1003,Household,22,169,6,125
2026-08-13,SKU-1003,Household,30,147,6,125
2026-08-14,SKU-1003,Household,24,117,6,125
2026-08-15,SKU-1003,Household,29,93,6,125
2026-08-16,SKU-1003,Household,20,196,6,125
2026-08-17,SKU-1003,Household,24,176,6,125
2026-08-18,SKU-1003,Household,20,152,6,125
2026-08-19,SKU-1003,Household,28,132,6,125
2026-08-20,SKU-1003,Household,26,104,6,125
2026-08-21,SKU-1003,Household,26,166,6,125
2026-08-22,SKU-1003,Household,25,140,6,125
2026-08-23,SKU-1003,Household,28,115,6,125
2026-08-24,SKU-1003,Household,16,219,6,125
2026-08-25,SKU-1003,Household,29,203,6,125
2026-08-26,SKU-1003,Household,23,174,6,125
2026-08-27,SKU-1003,Household,22,151,6,125
2026-08-28,SKU-1003,Household,28,129,6,125
2026-08-29,SKU-1003,Household,26,101,6,125
2026-08-30,SKU-1003,Household,27,273,6,125
2026-08-31,SKU-1003,Household,22,246,6,125
2026-09-01,SKU-1003,Household,19,224,6,125
2026-09-02,SKU-1003,Household,25,205,6,125
2026-09-03,SKU-1003,Household,28,180,6,125
2026-09-04,SKU-1003,Household,32,152,6,125
2026-09-05,SKU-1003,Household,34,120,6,125
2026-09-06,SKU-1003,Household,27,240,6,125
2026-09-07,SKU-1003,Household,22,213,6,125
2026-09-08,SKU-1003,Household,18,191,6,125
2026-09-09,SKU-1003,Household,24,173,6,125
2026-09-10,SKU-1003,Household,30,149,6,125
2026-09-11,SKU-1003,Household,25,119,6,125
2026-09-12,SKU-1003,Household,33,94,6,125
2026-09-13,SKU-1003,Household,29,193,6,125
2026-09-14,SKU-1003,Household,17,164,6,125
2026-09-15,SKU-1003,Household,25,147,6,125
2026-09-16,SKU-1003,Household,25,122,6,125
2026-09-17,SKU-1003,Household,29,97,6,125
2026-09-18,SKU-1003,Household,21,266,6,125
2026-09-19,SKU-1003,Household,29,245,6,125
2026-09-20,SKU-1003,Household,23,216,6,125
2026-09-21,SKU-1003,Household,25,193,6,125
2026-09-22,SKU-1003,Household,24,168,6,125
2026-09-23,SKU-1003,Household,28,144,6,125
2026-09-24,SKU-1003,Household,37,116,6,125
2026-09-25,SKU-1003,Household,28,233,6,125
2026-09-26,SKU-1003,Household,30,205,6,125
2026-09-27,SKU-1003,Household,21,175,6,125
2026-09-28,SKU-1003,Household,25,154,6,125
2026-09-29,SKU-1003,Household,25,129,6,125
2026-06-02,SKU-1004,Personal Care,55,217,5,85
2026-06-03,SKU-1004,Personal Care,49,162,5,85
2026-06-04,SKU-1004,Personal Care,43,113,5,85
2026-06-05,SKU-1004,Personal Care,23,194,5,85
2026-06-06,SKU-1004,Personal Care,21,171,5,85
2026-06-07,SKU-1004,Personal Care,32,150,5,85
2026-06-08,SKU-1004,Personal Care,34,118,5,85
2026-06-09,SKU-1004,Personal Care,30,208,5,85
2026-06-10,SKU-1004,Personal Care,31,178,5,85
2026-06-11,SKU-1004,Personal Care,21,147,5,85
2026-06-12,SKU-1004,Personal Care,28,126,5,85
2026-06-13,SKU-1004,Personal Care,31,346,5,85
2026-06-14,SKU-1004,Personal Care,37,315,5,85
2026-06-15,SKU-1004,Personal Care,27,278,5,85
2026-06-16,SKU-1004,Personal Care,44,251,5,85
2026-06-17,SKU-1004,Personal Care,40,207,5,85
2026-06-18,SKU-1004,Personal Care,27,167,5,85
2026-06-19,SKU-1004,Personal Care,23,140,5,85
2026-06-20,SKU-1004,Personal Care,30,117,5,85
2026-06-21,SKU-1004,Personal Care,32,366,5,85
2026-06-22,SKU-1004,Personal Care,33,334,5,85
2026-06-23,SKU-1004,Personal Care,42,301,5,85
2026-06-24,SKU-1004,Personal Care,24,259,5,85
2026-06-25,SKU-1004,Personal Care,28,235,5,85
2026-06-26,SKU-1004,Personal Care,19,207,5,85
2026-06-27,SKU-1004,Personal Care,29,188,5,85
2026-06-28,SKU-1004,Personal Care,41,159,5,85
2026-06-29,SKU-1004,Personal Care,39,118,5,85
2026-06-30,SKU-1004,Personal Care,26,389,5,85
2026-07-01,SKU-1004,Personal Care,44,363,5,85
2026-07-02,SKU-1004,Personal Care,26,319,5,85
2026-07-03,SKU-1004,Personal Care,37,293,5,85
2026-07-04,SKU-1004,Personal Care,44,256,5,85
2026-07-05,SKU-1004,Personal Care,47,212,5,85
2026-07-06,SKU-1004,Personal Care,32,165,5,85
2026-07-07,SKU-1004,Personal Care,39,133,5,85
2026-07-08,SKU-1004,Personal Care,32,311,5,85
2026-07-09,SKU-1004,Personal Care,34,279,5,85
2026-07-10,SKU-1004,Personal Care,27,245,5,85
2026-07-11,SKU-1004,Personal Care,28,218,5,85
2026-07-12,SKU-1004,Personal Care,36,190,5,85
2026-07-13,SKU-1004,Personal Care,41,154,5,85
2026-07-14,SKU-1004,Personal Care,37,113,5,85
2026-07-15,SKU-1004,Personal Care,28,293,5,85
2026-07-16,SKU-1004,Personal Care,41,265,5,85
2026-07-17,SKU-1004,Personal Care,30,224,5,85
2026-07-18,SKU-1004,Personal Care,41,194,5,85
2026-07-19,SKU-1004,Personal Care,27,153,5,85
2026-07-20,SKU-1004,Personal Care,49,126,5,85
2026-07-21,SKU-1004,Personal Care,50,294,5,85
2026-07-22,SKU-1004,Personal Care,34,244,5,85
2026-07-23,SKU-1004,Personal Care,44,210,5,85
2026-07-24,SKU-1004,Personal Care,34,166,5,85
2026-07-25,SKU-1004,Personal Care,37,132,5,85
2026-07-26,SKU-1004,Personal Care,41,374,5,85
2026-07-27,SKU-1004,Personal Care,28,333,5,85
2026-07-28,SKU-1004,Personal Care,41,305,5,85
2026-07-29,SKU-1004,Personal Care,31,264,5,85
2026-07-30,SKU-1004,Personal Care,38,233,5,85
2026-07-31,SKU-1004,Personal Care,28,195,5,85
2026-08-01,SKU-1004,Personal Care,34,167,5,85
2026-08-02,SKU-1004,Personal Care,42,133,5,85
2026-08-03,SKU-1004,Personal Care,51,246,5,85
2026-08-04,SKU-1004,Personal Care,56,195,5,85
2026-08-05,SKU-1004,Personal Care,45,139,5,85
2026-08-06,SKU-1004,Personal Care,23,342,5,85
2026-08-07,SKU-1004,Personal Care,41,319,5,85
2026-08-08,SKU-1004,Personal Care,23,278,5,85
2026-08-09,SKU-1004,Personal Care,34,255,5,85
2026-08-10,SKU-1004,Personal Care,34,221,5,85
2026-08-11,SKU-1004,Personal Care,39,187,5,85
2026-08-12,SKU-1004,Personal Care,32,148,5,85
2026-08-13,SKU-1004,Personal Care,32,116,5,85
2026-08-14,SKU-1004,Personal Care,41,363,5,85
2026-08-15,SKU-1004,Personal Care,31,322,5,85
2026-08-16,SKU-1004,Personal Care,27,291,5,85
2026-08-17,SKU-1004,Personal Care,37,264,5,85
2026-08-18,SKU-1004,Personal Care,33,227,5,85
2026-08-19,SKU-1004,Personal Care,40,194,5,85
2026-08-20,SKU-1004,Personal Care,31,154,5,85
2026-08-21,SKU-1004,Personal Care,31,123,5,85
2026-08-22,SKU-1004,Personal Care,27,278,5,85
2026-08-23,SKU-1004,Personal Care,32,251,5,85
2026-08-24,SKU-1004,Personal Care,28,219,5,85
2026-08-25,SKU-1004,Personal Care,38,191,5,85
2026-08-26,SKU-1004,Personal Care,39,153,5,85
2026-08-27,SKU-1004,Personal Care,31,114,5,85
2026-08-28,SKU-1004,Personal Care,30,207,5,85
2026-08-29,SKU-1004,Personal Care,43,177,5,85
2026-08-30,SKU-1004,Personal Care,29,134,5,85
2026-08-31,SKU-1004,Personal Care,33,353,5,85
2026-09-01,SKU-1004,Personal Care,38,320,5,85
2026-09-02,SKU-1004,Personal Care,35,282,5,85
2026-09-03,SKU-1004,Personal Care,53,247,5,85
2026-09-04,SKU-1004,Personal Care,35,194,5,85
2026-09-05,SKU-1004,Personal Care,45,159,5,85
2026-09-06,SKU-1004,Personal Care,27,114,5,85
2026-09-07,SKU-1004,Personal Care,39,211,5,85
2026-09-08,SKU-1004,Personal Care,34,172,5,85
2026-09-09,SKU-1004,Personal Care,27,138,5,85
2026-09-10,SKU-1004,Personal Care,31,111,5,85
2026-09-11,SKU-1004,Personal Care,31,297,5,85
2026-09-12,SKU-1004,Personal Care,32,266,5,85
2026-09-13,SKU-1004,Personal Care,35,234,5,85
2026-09-14,SKU-1004,Personal Care,43,199,5,85
2026-09-15,SKU-1004,Personal Care,38,156,5,85
2026-09-16,SKU-1004,Personal Care,35,118,5,85
2026-09-17,SKU-1004,Personal Care,35,238,5,85
2026-09-18,SKU-1004,Personal Care,29,203,5,85
2026-09-19,SKU-1004,Personal Care,37,174,5,85
2026-09-20,SKU-1004,Personal Care,41,137,5,85
2026-09-21,SKU-1004,Personal Care,38,220,5,85
2026-09-22,SKU-1004,Personal Care,44,182,5,85
2026-09-23,SKU-1004,Personal Care,23,138,5,85
2026-09-24,SKU-1004,Personal Care,37,115,5,85
2026-09-25,SKU-1004,Personal Care,25,326,5,85
2026-09-26,SKU-1004,Personal Care,40,301,5,85
2026-09-27,SKU-1004,Personal Care,40,261,5,85
2026-09-28,SKU-1004,Personal Care,47,221,5,85
2026-09-29,SKU-1004,Personal Care,39,174,5,85
2026-06-02,SKU-1005,Dairy,94,192,2,35
2026-06-03,SKU-1005,Dairy,79,98,2,35
2026-06-04,SKU-1005,Dairy,63,307,2,35
2026-06-05,SKU-1005,Dairy,44,244,2,35
2026-06-06,SKU-1005,Dairy,50,200,2,35
2026-06-07,SKU-1005,Dairy,36,150,2,35
2026-06-08,SKU-1005,Dairy,43,114,2,35
2026-06-09,SKU-1005,Dairy,58,71,2,35
2026-06-10,SKU-1005,Dairy,53,349,2,35
2026-06-11,SKU-1005,Dairy,40,296,2,35
2026-06-12,SKU-1005,Dairy,40,256,2,35
2026-06-13,SKU-1005,Dairy,41,216,2,35
2026-06-14,SKU-1005,Dairy,42,175,2,35
2026-06-15,SKU-1005,Dairy,56,133,2,35
2026-06-16,SKU-1005,Dairy,50,77,2,35
2026-06-17,SKU-1005,Dairy,53,507,2,35
2026-06-18,SKU-1005,Dairy,40,454,2,35
2026-06-19,SKU-1005,Dairy,36,414,2,35
2026-06-20,SKU-1005,Dairy,49,378,2,35
2026-06-21,SKU-1005,Dairy,61,329,2,35
2026-06-22,SKU-1005,Dairy,59,268,2,35
2026-06-23,SKU-1005,Dairy,52,209,2,35
2026-06-24,SKU-1005,Dairy,53,157,2,35
2026-06-25,SKU-1005,Dairy,42,104,2,35
2026-06-26,SKU-1005,Dairy,49,494,2,35
2026-06-27,SKU-1005,Dairy,43,445,2,35
2026-06-28,SKU-1005,Dairy,50,402,2,35
2026-06-29,SKU-1005,Dairy,49,352,2,35
2026-06-30,SKU-1005,Dairy,55,303,2,35
2026-07-01,SKU-1005,Dairy,53,248,2,35
2026-07-02,SKU-1005,Dairy,50,195,2,35
2026-07-03,SKU-1005,Dairy,55,145,2,35
2026-07-04,SKU-1005,Dairy,70,90,2,35
2026-07-05,SKU-1005,Dairy,58,308,2,35
2026-07-06,SKU-1005,Dairy,45,250,2,35
2026-07-07,SKU-1005,Dairy,74,205,2,35
2026-07-08,SKU-1005,Dairy,54,131,2,35
2026-07-09,SKU-1005,Dairy,60,77,2,35
2026-07-10,SKU-1005,Dairy,34,497,2,35
2026-07-11,SKU-1005,Dairy,36,463,2,35
2026-07-12,SKU-1005,Dairy,39,427,2,35
2026-07-13,SKU-1005,Dairy,51,388,2,35
2026-07-14,SKU-1005,Dairy,59,337,2,35
2026-07-15,SKU-1005,Dairy,46,278,2,35
2026-07-16,SKU-1005,Dairy,44,232,2,35
2026-07-17,SKU-1005,Dairy,36,188,2,35
2026-07-18,SKU-1005,Dairy,41,152,2,35
2026-07-19,SKU-1005,Dairy,53,111,2,35
2026-07-20,SKU-1005,Dairy,61,346,2,35
2026-07-21,SKU-1005,Dairy,58,285,2,35
2026-07-22,SKU-1005,Dairy,50,227,2,35
2026-07-23,SKU-1005,Dairy,46,177,2,35
2026-07-24,SKU-1005,Dairy,47,131,2,35
2026-07-25,SKU-1005,Dairy,30,84,2,35
2026-07-26,SKU-1005,Dairy,45,438,2,35
2026-07-27,SKU-1005,Dairy,62,393,2,35
2026-07-28,SKU-1005,Dairy,60,331,2,35
2026-07-29,SKU-1005,Dairy,71,271,2,35
2026-07-30,SKU-1005,Dairy,51,200,2,35
2026-07-31,SKU-1005,Dairy,39,149,2,35
2026-08-01,SKU-1005,Dairy,43,110,2,35
2026-08-02,SKU-1005,Dairy,53,355,2,35
2026-08-03,SKU-1005,Dairy,81,302,2,35
2026-08-04,SKU-1005,Dairy,72,221,2,35
2026-08-05,SKU-1005,Dairy,83,149,2,35
2026-08-06,SKU-1005,Dairy,56,402,2,35
2026-08-07,SKU-1005,Dairy,40,346,2,35
2026-08-08,SKU-1005,Dairy,52,306,2,35
2026-08-09,SKU-1005,Dairy,60,254,2,35
2026-08-10,SKU-1005,Dairy,60,194,2,35
2026-08-11,SKU-1005,Dairy,63,134,2,35
2026-08-12,SKU-1005,Dairy,56,71,2,35
2026-08-13,SKU-1005,Dairy,57,303,2,35
2026-08-14,SKU-1005,Dairy,42,246,2,35
2026-08-15,SKU-1005,Dairy,53,204,2,35
2026-08-16,SKU-1005,Dairy,49,151,2,35
2026-08-17,SKU-1005,Dairy,50,102,2,35
2026-08-18,SKU-1005,Dairy,77,484,2,35
2026-08-19,SKU-1005,Dairy,54,407,2,35
2026-08-20,SKU-1005,Dairy,64,353,2,35
2026-08-21,SKU-1005,Dairy,33,289,2,35
2026-08-22,SKU-1005,Dairy,57,256,2,35
2026-08-23,SKU-1005,Dairy,52,199,2,35
2026-08-24,SKU-1005,Dairy,64,147,2,35
2026-08-25,SKU-1005,Dairy,64,83,2,35
2026-08-26,SKU-1005,Dairy,58,307,2,35
2026-08-27,SKU-1005,Dairy,52,249,2,35
2026-08-28,SKU-1005,Dairy,51,197,2,35
2026-08-29,SKU-1005,Dairy,49,146,2,35
2026-08-30,SKU-1005,Dairy,58,97,2,35
2026-08-31,SKU-1005,Dairy,40,471,2,35
2026-09-01,SKU-1005,Dairy,71,431,2,35
2026-09-02,SKU-1005,Dairy,76,360,2,35
2026-09-03,SKU-1005,Dairy,84,284,2,35
2026-09-04,SKU-1005,Dairy,70,200,2,35
2026-09-05,SKU-1005,Dairy,71,130,2,35
2026-09-06,SKU-1005,Dairy,54,251,2,35
2026-09-07,SKU-1005,Dairy,59,197,2,35
2026-09-08,SKU-1005,Dairy,73,138,2,35
2026-09-09,SKU-1005,Dairy,53,401,2,35
2026-09-10,SKU-1005,Dairy,58,348,2,35
2026-09-11,SKU-1005,Dairy,54,290,2,35
2026-09-12,SKU-1005,Dairy,27,236,2,35
2026-09-13,SKU-1005,Dairy,46,209,2,35
2026-09-14,SKU-1005,Dairy,60,163,2,35
2026-09-15,SKU-1005,Dairy,69,103,2,35
2026-09-16,SKU-1005,Dairy,59,370,2,35
2026-09-17,SKU-1005,Dairy,56,311,2,35
2026-09-18,SKU-1005,Dairy,39,255,2,35
2026-09-19,SKU-1005,Dairy,31,216,2,35
2026-09-20,SKU-1005,Dairy,52,185,2,35
2026-09-21,SKU-1005,Dairy,62,133,2,35
2026-09-22,SKU-1005,Dairy,67,71,2,35
2026-09-23,SKU-1005,Dairy,69,196,2,35
2026-09-24,SKU-1005,Dairy,38,127,2,35
2026-09-25,SKU-1005,Dairy,62,89,2,35
2026-09-26,SKU-1005,Dairy,45,267,2,35
2026-09-27,SKU-1005,Dairy,45,222,2,35
2026-09-28,SKU-1005,Dairy,59,177,2,35
2026-09-29,SKU-1005,Dairy,75,118,2,35
2026-06-02,SKU-1006,Packaged Food,49,378,7,60
2026-06-03,SKU-1006,Packaged Food,39,329,7,60
2026-06-04,SKU-1006,Packaged Food,37,290,7,60
2026-06-05,SKU-1006,Packaged Food,21,253,7,60
2026-06-06,SKU-1006,Packaged Food,22,232,7,60
2026-06-07,SKU-1006,Packaged Food,21,210,7,60
2026-06-08,SKU-1006,Packaged Food,34,189,7,60
2026-06-09,SKU-1006,Packaged Food,38,155,7,60
2026-06-10,SKU-1006,Packaged Food,34,360,7,60
2026-06-11,SKU-1006,Packaged Food,30,326,7,60
2026-06-12,SKU-1006,Packaged Food,24,296,7,60
2026-06-13,SKU-1006,Packaged Food,23,272,7,60
2026-06-14,SKU-1006,Packaged Food,37,249,7,60
2026-06-15,SKU-1006,Packaged Food,39,212,7,60
2026-06-16,SKU-1006,Packaged Food,21,173,7,60
2026-06-17,SKU-1006,Packaged Food,38,152,7,60
2026-06-18,SKU-1006,Packaged Food,25,384,7,60
2026-06-19,SKU-1006,Packaged Food,21,359,7,60
2026-06-20,SKU-1006,Packaged Food,17,338,7,60
2026-06-21,SKU-1006,Packaged Food,22,321,7,60
2026-06-22,SKU-1006,Packaged Food,26,299,7,60
2026-06-23,SKU-1006,Packaged Food,40,273,7,60
2026-06-24,SKU-1006,Packaged Food,36,233,7,60
2026-06-25,SKU-1006,Packaged Food,22,197,7,60
2026-06-26,SKU-1006,Packaged Food,21,175,7,60
2026-06-27,SKU-1006,Packaged Food,23,154,7,60
2026-06-28,SKU-1006,Packaged Food,20,347,7,60
2026-06-29,SKU-1006,Packaged Food,32,327,7,60
2026-06-30,SKU-1006,Packaged Food,34,295,7,60
2026-07-01,SKU-1006,Packaged Food,40,261,7,60
2026-07-02,SKU-1006,Packaged Food,27,221,7,60
2026-07-03,SKU-1006,Packaged Food,31,194,7,60
2026-07-04,SKU-1006,Packaged Food,35,163,7,60
2026-07-05,SKU-1006,Packaged Food,41,371,7,60
2026-07-06,SKU-1006,Packaged Food,30,330,7,60
2026-07-07,SKU-1006,Packaged Food,34,300,7,60
2026-07-08,SKU-1006,Packaged Food,35,266,7,60
2026-07-09,SKU-1006,Packaged Food,31,231,7,60
2026-07-10,SKU-1006,Packaged Food,28,200,7,60
2026-07-11,SKU-1006,Packaged Food,30,172,7,60
2026-07-12,SKU-1006,Packaged Food,21,142,7,60
2026-07-13,SKU-1006,Packaged Food,34,256,7,60
2026-07-14,SKU-1006,Packaged Food,39,222,7,60
2026-07-15,SKU-1006,Packaged Food,23,183,7,60
2026-07-16,SKU-1006,Packaged Food,26,160,7,60
2026-07-17,SKU-1006,Packaged Food,24,134,7,60
2026-07-18,SKU-1006,Packaged Food,26,218,7,60
2026-07-19,SKU-1006,Packaged Food,35,192,7,60
2026-07-20,SKU-1006,Packaged Food,27,157,7,60
2026-07-21,SKU-1006,Packaged Food,28,319,7,60
2026-07-22,SKU-1006,Packaged Food,27,291,7,60
2026-07-23,SKU-1006,Packaged Food,31,264,7,60
2026-07-24,SKU-1006,Packaged Food,22,233,7,60
2026-07-25,SKU-1006,Packaged Food,16,211,7,60
2026-07-26,SKU-1006,Packaged Food,17,195,7,60
2026-07-27,SKU-1006,Packaged Food,32,178,7,60
2026-07-28,SKU-1006,Packaged Food,33,146,7,60
2026-07-29,SKU-1006,Packaged Food,31,248,7,60
2026-07-30,SKU-1006,Packaged Food,30,217,7,60
2026-07-31,SKU-1006,Packaged Food,20,187,7,60
2026-08-01,SKU-1006,Packaged Food,23,167,7,60
2026-08-02,SKU-1006,Packaged Food,26,144,7,60
2026-08-03,SKU-1006,Packaged Food,41,253,7,60
2026-08-04,SKU-1006,Packaged Food,54,212,7,60
2026-08-05,SKU-1006,Packaged Food,59,158,7,60
2026-08-06,SKU-1006,Packaged Food,21,288,7,60
2026-08-07,SKU-1006,Packaged Food,20,267,7,60
2026-08-08,SKU-1006,Packaged Food,27,247,7,60
2026-08-09,SKU-1006,Packaged Food,25,220,7,60
2026-08-10,SKU-1006,Packaged Food,31,195,7,60
2026-08-11,SKU-1006,Packaged Food,33,164,7,60
2026-08-12,SKU-1006,Packaged Food,31,374,7,60
2026-08-13,SKU-1006,Packaged Food,34,343,7,60
2026-08-14,SKU-1006,Packaged Food,20,309,7,60
2026-08-15,SKU-1006,Packaged Food,28,289,7,60
2026-08-16,SKU-1006,Packaged Food,30,261,7,60
2026-08-17,SKU-1006,Packaged Food,25,231,7,60
2026-08-18,SKU-1006,Packaged Food,34,206,7,60
2026-08-19,SKU-1006,Packaged Food,37,172,7,60
2026-08-20,SKU-1006,Packaged Food,32,135,7,60
2026-08-21,SKU-1006,Packaged Food,22,238,7,60
2026-08-22,SKU-1006,Packaged Food,21,216,7,60
2026-08-23,SKU-1006,Packaged Food,22,195,7,60
2026-08-24,SKU-1006,Packaged Food,25,173,7,60
2026-08-25,SKU-1006,Packaged Food,36,148,7,60
2026-08-26,SKU-1006,Packaged Food,36,301,7,60
2026-08-27,SKU-1006,Packaged Food,29,265,7,60
2026-08-28,SKU-1006,Packaged Food,21,236,7,60
2026-08-29,SKU-1006,Packaged Food,18,215,7,60
2026-08-30,SKU-1006,Packaged Food,38,197,7,60
2026-08-31,SKU-1006,Packaged Food,27,159,7,60
2026-09-01,SKU-1006,Packaged Food,43,321,7,60
2026-09-02,SKU-1006,Packaged Food,38,278,7,60
2026-09-03,SKU-1006,Packaged Food,36,240,7,60
2026-09-04,SKU-1006,Packaged Food,35,204,7,60
2026-09-05,SKU-1006,Packaged Food,56,169,7,60
2026-09-06,SKU-1006,Packaged Food,37,302,7,60
2026-09-07,SKU-1006,Packaged Food,47,265,7,60
2026-09-08,SKU-1006,Packaged Food,35,218,7,60
2026-09-09,SKU-1006,Packaged Food,33,183,7,60
2026-09-10,SKU-1006,Packaged Food,39,150,7,60
2026-09-11,SKU-1006,Packaged Food,27,273,7,60
2026-09-12,SKU-1006,Packaged Food,28,246,7,60
2026-09-13,SKU-1006,Packaged Food,27,218,7,60
2026-09-14,SKU-1006,Packaged Food,27,191,7,60
2026-09-15,SKU-1006,Packaged Food,42,164,7,60
2026-09-16,SKU-1006,Packaged Food,32,338,7,60
2026-09-17,SKU-1006,Packaged Food,50,306,7,60
2026-09-18,SKU-1006,Packaged Food,25,256,7,60
2026-09-19,SKU-1006,Packaged Food,24,231,7,60
2026-09-20,SKU-1006,Packaged Food,27,207,7,60
2026-09-21,SKU-1006,Packaged Food,31,180,7,60
2026-09-22,SKU-1006,Packaged Food,25,149,7,60
2026-09-23,SKU-1006,Packaged Food,37,394,7,60
2026-09-24,SKU-1006,Packaged Food,36,357,7,60
2026-09-25,SKU-1006,Packaged Food,25,321,7,60
2026-09-26,SKU-1006,Packaged Food,28,296,7,60
2026-09-27,SKU-1006,Packaged Food,24,268,7,60
2026-09-28,SKU-1006,Packaged Food,29,244,7,60
2026-09-29,SKU-1006,Packaged Food,30,215,7,60
2026-06-02,SKU-1007,Stationery,28,168,8,24
2026-06-03,SKU-1007,Stationery,15,140,8,24
2026-06-04,SKU-1007,Stationery,7,125,8,24
2026-06-05,SKU-1007,Stationery,14,118,8,24
2026-06-06,SKU-1007,Stationery,15,104,8,24
2026-06-07,SKU-1007,Stationery,12,89,8,24
2026-06-08,SKU-1007,Stationery,12,133,8,24
2026-06-09,SKU-1007,Stationery,9,121,8,24
2026-06-10,SKU-1007,Stationery,19,112,8,24
2026-06-11,SKU-1007,Stationery,11,93,8,24
2026-06-12,SKU-1007,Stationery,12,82,8,24
2026-06-13,SKU-1007,Stationery,15,168,8,24
2026-06-14,SKU-1007,Stationery,18,153,8,24
2026-06-15,SKU-1007,Stationery,14,135,8,24
2026-06-16,SKU-1007,Stationery,19,121,8,24
2026-06-17,SKU-1007,Stationery,10,102,8,24
2026-06-18,SKU-1007,Stationery,17,92,8,24
2026-06-19,SKU-1007,Stationery,11,145,8,24
2026-06-20,SKU-1007,Stationery,16,134,8,24
2026-06-21,SKU-1007,Stationery,19,118,8,24
2026-06-22,SKU-1007,Stationery,16,99,8,24
2026-06-23,SKU-1007,Stationery,15,83,8,24
2026-06-24,SKU-1007,Stationery,14,208,8,24
2026-06-25,SKU-1007,Stationery,14,194,8,24
2026-06-26,SKU-1007,Stationery,13,180,8,24
2026-06-27,SKU-1007,Stationery,22,167,8,24
2026-06-28,SKU-1007,Stationery,18,145,8,24
2026-06-29,SKU-1007,Stationery,14,127,8,24
2026-06-30,SKU-1007,Stationery,28,113,8,24
2026-07-01,SKU-1007,Stationery,9,85,8,24
2026-07-02,SKU-1007,Stationery,14,216,8,24
2026-07-03,SKU-1007,Stationery,18,202,8,24
2026-07-04,SKU-1007,Stationery,17,184,8,24
2026-07-05,SKU-1007,Stationery,25,167,8,24
2026-07-06,SKU-1007,Stationery,18,142,8,24
2026-07-07,SKU-1007,Stationery,10,124,8,24
2026-07-08,SKU-1007,Stationery,11,114,8,24
2026-07-09,SKU-1007,Stationery,19,103,8,24
2026-07-10,SKU-1007,Stationery,13,84,8,24
2026-07-11,SKU-1007,Stationery,15,127,8,24
2026-07-12,SKU-1007,Stationery,19,112,8,24
2026-07-13,SKU-1007,Stationery,19,93,8,24
2026-07-14,SKU-1007,Stationery,20,130,8,24
2026-07-15,SKU-1007,Stationery,15,110,8,24
2026-07-16,SKU-1007,Stationery,13,95,8,24
2026-07-17,SKU-1007,Stationery,14,82,8,24
2026-07-18,SKU-1007,Stationery,22,208,8,24
2026-07-19,SKU-1007,Stationery,17,186,8,24
2026-07-20,SKU-1007,Stationery,20,169,8,24
2026-07-21,SKU-1007,Stationery,15,149,8,24
2026-07-22,SKU-1007,Stationery,8,134,8,24
2026-07-23,SKU-1007,Stationery,9,126,8,24
2026-07-24,SKU-1007,Stationery,16,117,8,24
2026-07-25,SKU-1007,Stationery,15,101,8,24
2026-07-26,SKU-1007,Stationery,19,86,8,24
2026-07-27,SKU-1007,Stationery,16,137,8,24
2026-07-28,SKU-1007,Stationery,15,121,8,24
2026-07-29,SKU-1007,Stationery,13,106,8,24
2026-07-30,SKU-1007,Stationery,10,93,8,24
2026-07-31,SKU-1007,Stationery,17,83,8,24
2026-08-01,SKU-1007,Stationery,14,122,8,24
2026-08-02,SKU-1007,Stationery,16,108,8,24
2026-08-03,SKU-1007,Stationery,24,92,8,24
2026-08-04,SKU-1007,Stationery,22,194,8,24
2026-08-05,SKU-1007,Stationery,19,172,8,24
2026-08-06,SKU-1007,Stationery,10,153,8,24
2026-08-07,SKU-1007,Stationery,11,143,8,24
2026-08-08,SKU-1007,Stationery,23,132,8,24
2026-08-09,SKU-1007,Stationery,13,109,8,24
2026-08-10,SKU-1007,Stationery,16,96,8,24
2026-08-11,SKU-1007,Stationery,17,80,8,24
2026-08-12,SKU-1007,Stationery,15,147,8,24
2026-08-13,SKU-1007,Stationery,8,132,8,24
2026-08-14,SKU-1007,Stationery,9,124,8,24
2026-08-15,SKU-1007,Stationery,13,115,8,24
2026-08-16,SKU-1007,Stationery,19,102,8,24
2026-08-17,SKU-1007,Stationery,25,83,8,24
2026-08-18,SKU-1007,Stationery,16,128,8,24
2026-08-19,SKU-1007,Stationery,10,112,8,24
2026-08-20,SKU-1007,Stationery,11,102,8,24
2026-08-21,SKU-1007,Stationery,11,91,8,24
2026-08-22,SKU-1007,Stationery,19,80,8,24
2026-08-23,SKU-1007,Stationery,16,187,8,24
2026-08-24,SKU-1007,Stationery,14,171,8,24
2026-08-25,SKU-1007,Stationery,17,157,8,24
2026-08-26,SKU-1007,Stationery,19,140,8,24
2026-08-27,SKU-1007,Stationery,18,121,8,24
2026-08-28,SKU-1007,Stationery,15,103,8,24
2026-08-29,SKU-1007,Stationery,22,88,8,24
2026-08-30,SKU-1007,Stationery,18,178,8,24
2026-08-31,SKU-1007,Stationery,11,160,8,24
2026-09-01,SKU-1007,Stationery,13,149,8,24
2026-09-02,SKU-1007,Stationery,19,136,8,24
2026-09-03,SKU-1007,Stationery,18,117,8,24
2026-09-04,SKU-1007,Stationery,13,99,8,24
2026-09-05,SKU-1007,Stationery,28,86,8,24
2026-09-06,SKU-1007,Stationery,17,184,8,24
2026-09-07,SKU-1007,Stationery,22,167,8,24
2026-09-08,SKU-1007,Stationery,19,145,8,24
2026-09-09,SKU-1007,Stationery,11,126,8,24
2026-09-10,SKU-1007,Stationery,16,115,8,24
2026-09-11,SKU-1007,Stationery,17,99,8,24
2026-09-12,SKU-1007,Stationery,11,82,8,24
2026-09-13,SKU-1007,Stationery,22,155,8,24
2026-09-14,SKU-1007,Stationery,17,133,8,24
2026-09-15,SKU-1007,Stationery,18,116,8,24
2026-09-16,SKU-1007,Stationery,13,98,8,24
2026-09-17,SKU-1007,Stationery,9,85,8,24
2026-09-18,SKU-1007,Stationery,13,174,8,24
2026-09-19,SKU-1007,Stationery,15,161,8,24
2026-09-20,SKU-1007,Stationery,20,146,8,24
2026-09-21,SKU-1007,Stationery,19,126,8,24
2026-09-22,SKU-1007,Stationery,16,107,8,24
2026-09-23,SKU-1007,Stationery,11,91,8,24
2026-09-24,SKU-1007,Stationery,18,80,8,24
2026-09-25,SKU-1007,Stationery,12,160,8,24
2026-09-26,SKU-1007,Stationery,24,148,8,24
2026-09-27,SKU-1007,Stationery,18,124,8,24
2026-09-28,SKU-1007,Stationery,28,106,8,24
2026-09-29,SKU-1007,Stationery,17,148,8,24
2026-06-02,SKU-1008,Electronics,12,112,10,850
2026-06-03,SKU-1008,Electronics,8,100,10,850
2026-06-04,SKU-1008,Electronics,9,92,10,850
2026-06-05,SKU-1008,Electronics,14,83,10,850
2026-06-06,SKU-1008,Electronics,9,69,10,850
2026-06-07,SKU-1008,Electronics,11,60,10,850
2026-06-08,SKU-1008,Electronics,8,81,10,850
2026-06-09,SKU-1008,Electronics,3,73,10,850
2026-06-10,SKU-1008,Electronics,9,70,10,850
2026-06-11,SKU-1008,Electronics,6,61,10,850
2026-06-12,SKU-1008,Electronics,15,87,10,850
2026-06-13,SKU-1008,Electronics,10,72,10,850
2026-06-14,SKU-1008,Electronics,9,62,10,850
2026-06-15,SKU-1008,Electronics,11,85,10,850
2026-06-16,SKU-1008,Electronics,10,74,10,850
2026-06-17,SKU-1008,Electronics,9,64,10,850
2026-06-18,SKU-1008,Electronics,10,87,10,850
2026-06-19,SKU-1008,Electronics,9,77,10,850
2026-06-20,SKU-1008,Electronics,7,68,10,850
2026-06-21,SKU-1008,Electronics,3,61,10,850
2026-06-22,SKU-1008,Electronics,4,58,10,850
2026-06-23,SKU-1008,Electronics,7,86,10,850
2026-06-24,SKU-1008,Electronics,6,79,10,850
2026-06-25,SKU-1008,Electronics,9,73,10,850
2026-06-26,SKU-1008,Electronics,13,64,10,850
2026-06-27,SKU-1008,Electronics,7,123,10,850
2026-06-28,SKU-1008,Electronics,4,116,10,850
2026-06-29,SKU-1008,Electronics,7,112,10,850
2026-06-30,SKU-1008,Electronics,4,105,10,850
2026-07-01,SKU-1008,Electronics,11,101,10,850
2026-07-02,SKU-1008,Electronics,10,90,10,850
2026-07-03,SKU-1008,Electronics,12,80,10,850
2026-07-04,SKU-1008,Electronics,13,68,10,850
2026-07-05,SKU-1008,Electronics,6,95,10,850
2026-07-06,SKU-1008,Electronics,12,89,10,850
2026-07-07,SKU-1008,Electronics,11,77,10,850
2026-07-08,SKU-1008,Electronics,10,66,10,850
2026-07-09,SKU-1008,Electronics,11,56,10,850
2026-07-10,SKU-1008,Electronics,13,117,10,850
2026-07-11,SKU-1008,Electronics,5,104,10,850
2026-07-12,SKU-1008,Electronics,4,99,10,850
2026-07-13,SKU-1008,Electronics,11,95,10,850
2026-07-14,SKU-1008,Electronics,8,84,10,850
2026-07-15,SKU-1008,Electronics,8,76,10,850
2026-07-16,SKU-1008,Electronics,11,68,10,850
2026-07-17,SKU-1008,Electronics,4,57,10,850
2026-07-18,SKU-1008,Electronics,7,101,10,850
2026-07-19,SKU-1008,Electronics,8,94,10,850
2026-07-20,SKU-1008,Electronics,8,86,10,850
2026-07-21,SKU-1008,Electronics,5,78,10,850
2026-07-22,SKU-1008,Electronics,9,73,10,850
2026-07-23,SKU-1008,Electronics,11,64,10,850
2026-07-24,SKU-1008,Electronics,10,125,10,850
2026-07-25,SKU-1008,Electronics,6,115,10,850
2026-07-26,SKU-1008,Electronics,9,109,10,850
2026-07-27,SKU-1008,Electronics,4,100,10,850
2026-07-28,SKU-1008,Electronics,2,96,10,850
2026-07-29,SKU-1008,Electronics,10,94,10,850
2026-07-30,SKU-1008,Electronics,6,84,10,850
2026-07-31,SKU-1008,Electronics,12,78,10,850
2026-08-01,SKU-1008,Electronics,6,66,10,850
2026-08-02,SKU-1008,Electronics,13,60,10,850
2026-08-03,SKU-1008,Electronics,10,95,10,850
2026-08-04,SKU-1008,Electronics,14,85,10,850
2026-08-05,SKU-1008,Electronics,20,71,10,850
2026-08-06,SKU-1008,Electronics,11,123,10,850
2026-08-07,SKU-1008,Electronics,11,112,10,850
2026-08-08,SKU-1008,Electronics,13,101,10,850
2026-08-09,SKU-1008,Electronics,3,88,10,850
2026-08-10,SKU-1008,Electronics,7,85,10,850
2026-08-11,SKU-1008,Electronics,6,78,10,850
2026-08-12,SKU-1008,Electronics,7,72,10,850
2026-08-13,SKU-1008,Electronics,9,65,10,850
2026-08-14,SKU-1008,Electronics,9,56,10,850
2026-08-15,SKU-1008,Electronics,11,127,10,850
2026-08-16,SKU-1008,Electronics,6,116,10,850
2026-08-17,SKU-1008,Electronics,13,110,10,850
2026-08-18,SKU-1008,Electronics,4,97,10,850
2026-08-19,SKU-1008,Electronics,6,93,10,850
2026-08-20,SKU-1008,Electronics,10,87,10,850
2026-08-21,SKU-1008,Electronics,7,77,10,850
2026-08-22,SKU-1008,Electronics,9,70,10,850
2026-08-23,SKU-1008,Electronics,10,61,10,850
2026-08-24,SKU-1008,Electronics,9,123,10,850
2026-08-25,SKU-1008,Electronics,12,114,10,850
2026-08-26,SKU-1008,Electronics,10,102,10,850
2026-08-27,SKU-1008,Electronics,9,92,10,850
2026-08-28,SKU-1008,Electronics,13,83,10,850
2026-08-29,SKU-1008,Electronics,6,70,10,850
2026-08-30,SKU-1008,Electronics,5,64,10,850
2026-08-31,SKU-1008,Electronics,5,59,10,850
2026-09-01,SKU-1008,Electronics,8,86,10,850
2026-09-02,SKU-1008,Electronics,13,78,10,850
2026-09-03,SKU-1008,Electronics,10,65,10,850
2026-09-04,SKU-1008,Electronics,12,135,10,850
2026-09-05,SKU-1008,Electronics,11,123,10,850
2026-09-06,SKU-1008,Electronics,6,112,10,850
2026-09-07,SKU-1008,Electronics,12,106,10,850
2026-09-08,SKU-1008,Electronics,9,94,10,850
2026-09-09,SKU-1008,Electronics,12,85,10,850
2026-09-10,SKU-1008,Electronics,10,73,10,850
2026-09-11,SKU-1008,Electronics,10,63,10,850
2026-09-12,SKU-1008,Electronics,7,93,10,850
2026-09-13,SKU-1008,Electronics,5,86,10,850
2026-09-14,SKU-1008,Electronics,9,81,10,850
2026-09-15,SKU-1008,Electronics,7,72,10,850
2026-09-16,SKU-1008,Electronics,10,65,10,850
2026-09-17,SKU-1008,Electronics,12,135,10,850
2026-09-18,SKU-1008,Electronics,8,123,10,850
2026-09-19,SKU-1008,Electronics,13,115,10,850
2026-09-20,SKU-1008,Electronics,7,102,10,850
2026-09-21,SKU-1008,Electronics,4,95,10,850
2026-09-22,SKU-1008,Electronics,10,91,10,850
2026-09-23,SKU-1008,Electronics,9,81,10,850
2026-09-24,SKU-1008,Electronics,5,72,10,850
2026-09-25,SKU-1008,Electronics,18,67,10,850
2026-09-26,SKU-1008,Electronics,18,89,10,850
2026-09-27,SKU-1008,Electronics,6,71,10,850
2026-09-28,SKU-1008,Electronics,6,65,10,850
2026-09-29,SKU-1008,Electronics,12,59,10,850
