SKU_Standard,Date,Forecast_Units
SKU00001,2026-01-04,79.15075698600029
SKU00001,2026-01-11,75.48697463537881
SKU00001,2026-01-18,75.96806347382906
SKU00001,2026-01-25,77.21025842129997
SKU00002,2026-01-04,56.79972674040575
SKU00002,2026-01-11,64.75221780804242
SKU00002,2026-01-18,60.24660084964055
SKU00002,2026-01-25,66.67317109956879
SKU00003,2026-01-04,33.39583178667489
SKU00003,2026-01-11,33.22957682860828
SKU00003,2026-01-18,30.11634995734113
SKU00003,2026-01-25,30.755099871087666
SKU00004,2026-01-04,33.200049804925655
SKU00004,2026-01-11,32.924840896857866
SKU00004,2026-01-18,34.30873373428648
SKU00004,2026-01-25,33.02416170707026
SKU00005,2026-01-04,95.51130275848787
SKU00005,2026-01-11,100.38462326099305
SKU00005,2026-01-18,104.17782283950683
SKU00005,2026-01-25,101.05372354859054
SKU00006,2026-01-04,38.63660722148616
SKU00006,2026-01-11,40.04825062491525
SKU00006,2026-01-18,37.380539890060234
SKU00006,2026-01-25,36.99416160936208
SKU00007,2026-01-04,157.74217926288736
SKU00007,2026-01-11,161.35702727608842
SKU00007,2026-01-18,161.77170663597238
SKU00007,2026-01-25,157.88641241627695
SKU00008,2026-01-04,89.88279837680165
SKU00008,2026-01-11,97.57483071703378
SKU00008,2026-01-18,92.14874509147424
SKU00008,2026-01-25,96.17507430275596
SKU00009,2026-01-04,61.455246340269866
SKU00009,2026-01-11,68.32495722782204
SKU00009,2026-01-18,68.26443615453564
SKU00009,2026-01-25,65.00050270794301
SKU00010,2026-01-04,98.89381410664205
SKU00010,2026-01-11,96.61093050144385
SKU00010,2026-01-18,100.8594280571691
SKU00010,2026-01-25,91.38638197896987
SKU00011,2026-01-04,19.013233515705668
SKU00011,2026-01-11,17.913840483775243
SKU00011,2026-01-18,20.58125257525723
SKU00011,2026-01-25,22.059108159001102
SKU00012,2026-01-04,156.01127957023692
SKU00012,2026-01-11,161.86504161778265
SKU00012,2026-01-18,162.8595974522474
SKU00012,2026-01-25,160.72216512592243
SKU00013,2026-01-04,84.73590320265491
SKU00013,2026-01-11,72.556330955381
SKU00013,2026-01-18,71.64932233703033
SKU00013,2026-01-25,71.39078345038013
SKU00014,2026-01-04,121.99690951605625
SKU00014,2026-01-11,116.13959970641548
SKU00014,2026-01-18,129.06041701017452
SKU00014,2026-01-25,114.2258320841684
SKU00015,2026-01-04,21.114954029134708
SKU00015,2026-01-11,20.422840441148857
SKU00015,2026-01-18,22.690074300041637
SKU00015,2026-01-25,20.088202863570913
SKU00016,2026-01-04,79.18731084521642
SKU00016,2026-01-11,73.87524698332972
SKU00016,2026-01-18,75.59423744232022
SKU00016,2026-01-25,81.14850705753848
SKU00017,2026-01-04,83.56846296757496
SKU00017,2026-01-11,82.62558474274057
SKU00017,2026-01-18,82.93392364583127
SKU00017,2026-01-25,80.45677890943861
SKU00018,2026-01-04,159.52319037380488
SKU00018,2026-01-11,154.65796723084375
SKU00018,2026-01-18,156.86601741043742
SKU00018,2026-01-25,163.65047379235887
SKU00019,2026-01-04,102.16632587815475
SKU00019,2026-01-11,95.2731392428332
SKU00019,2026-01-18,96.84282478238714
SKU00019,2026-01-25,97.1278242073932
SKU00020,2026-01-04,81.21575520139127
SKU00020,2026-01-11,73.22111307456926
SKU00020,2026-01-18,81.25492196479506
SKU00020,2026-01-25,77.81988968174255
SKU00021,2026-01-04,54.87881794677846
SKU00021,2026-01-11,49.794774365158716
SKU00021,2026-01-18,46.18986223073988
SKU00021,2026-01-25,54.57501158565148
SKU00022,2026-01-04,63.233120533340106
SKU00022,2026-01-11,68.92213336659684
SKU00022,2026-01-18,68.39933657899826
SKU00022,2026-01-25,64.24228261681999
SKU00023,2026-01-04,95.89417128121512
SKU00023,2026-01-11,81.58685036573323
SKU00023,2026-01-18,89.3417317601817
SKU00023,2026-01-25,86.69550625213908
SKU00024,2026-01-04,70.24986065038487
SKU00024,2026-01-11,71.53425917368506
SKU00024,2026-01-18,72.36395171263173
SKU00024,2026-01-25,71.8579892543145
SKU00025,2026-01-04,20.426582622532578
SKU00025,2026-01-11,20.555465516988995
SKU00025,2026-01-18,20.89499164241949
SKU00025,2026-01-25,22.191965701502344
SKU00026,2026-01-04,134.29208016126714
SKU00026,2026-01-11,130.63144262032418
SKU00026,2026-01-18,136.28927939642563
SKU00026,2026-01-25,145.98420162220737
SKU00027,2026-01-04,153.90323848250264
SKU00027,2026-01-11,161.43293150876255
SKU00027,2026-01-18,161.7945024196445
SKU00027,2026-01-25,146.79990886762636
SKU00028,2026-01-04,31.231397877868083
SKU00028,2026-01-11,31.964003708792887
SKU00028,2026-01-18,31.291231512455724
SKU00028,2026-01-25,32.01753572637212
SKU00029,2026-01-04,94.50233223560575
SKU00029,2026-01-11,89.75614619130046
SKU00029,2026-01-18,90.80286097112325
SKU00029,2026-01-25,97.59742405695748
SKU00030,2026-01-04,30.360879969349284
SKU00030,2026-01-11,30.15607404032648
SKU00030,2026-01-18,31.036636959266126
SKU00030,2026-01-25,29.148849235990088
SKU00031,2026-01-04,101.4958807038607
SKU00031,2026-01-11,98.23595037956775
SKU00031,2026-01-18,104.17149109291996
SKU00031,2026-01-25,101.15154572201483
SKU00032,2026-01-04,49.44709184397884
SKU00032,2026-01-11,57.3843919051398
SKU00032,2026-01-18,53.1354099950548
SKU00032,2026-01-25,52.26544041864364
SKU00033,2026-01-04,100.9442835281348
SKU00033,2026-01-11,94.49844304619639
SKU00033,2026-01-18,100.9986184220159
SKU00033,2026-01-25,101.62172264729017
SKU00034,2026-01-04,108.7026520689815
SKU00034,2026-01-11,119.29128105660723
SKU00034,2026-01-18,118.61902705243565
SKU00034,2026-01-25,119.59500735635146
SKU00035,2026-01-04,120.6666936141809
SKU00035,2026-01-11,119.56212502494412
SKU00035,2026-01-18,127.1458854303799
SKU00035,2026-01-25,115.92575285699776
SKU00036,2026-01-04,32.39450143863039
SKU00036,2026-01-11,31.229791955435847
SKU00036,2026-01-18,31.34304373446256
SKU00036,2026-01-25,31.108298906129317
SKU00037,2026-01-04,130.78912996961034
SKU00037,2026-01-11,144.7302327834829
SKU00037,2026-01-18,154.1043449992439
SKU00037,2026-01-25,147.483910354667
SKU00038,2026-01-04,49.93164724219248
SKU00038,2026-01-11,50.23264401331193
SKU00038,2026-01-18,54.451028574250174
SKU00038,2026-01-25,49.10670929829181
SKU00039,2026-01-04,20.549668343895185
SKU00039,2026-01-11,19.684417814126615
SKU00039,2026-01-18,20.600228061996013
SKU00039,2026-01-25,21.420233746127188
SKU00040,2026-01-04,91.1157309422523
SKU00040,2026-01-11,80.72636380101763
SKU00040,2026-01-18,78.60625880155158
SKU00040,2026-01-25,83.44137914874544
SKU00041,2026-01-04,67.17187293081524
SKU00041,2026-01-11,67.78128256296516
SKU00041,2026-01-18,67.42355984940164
SKU00041,2026-01-25,63.80069345283031
SKU00042,2026-01-04,134.9450832999969
SKU00042,2026-01-11,137.45082044069136
SKU00042,2026-01-18,137.84386414225253
SKU00042,2026-01-25,148.07117201822047
SKU00043,2026-01-04,142.3196658682733
SKU00043,2026-01-11,139.85891367225443
SKU00043,2026-01-18,129.86080908857542
SKU00043,2026-01-25,141.37264632408414
SKU00044,2026-01-04,57.94177305160569
SKU00044,2026-01-11,59.03093340268568
SKU00044,2026-01-18,58.55353663277376
SKU00044,2026-01-25,59.82336244931432
SKU00045,2026-01-04,149.5419367789635
SKU00045,2026-01-11,142.20658346476168
SKU00045,2026-01-18,161.26550385306146
SKU00045,2026-01-25,154.37315880849863
SKU00046,2026-01-04,56.151142110482546
SKU00046,2026-01-11,57.74646724530053
SKU00046,2026-01-18,52.169055884024026
SKU00046,2026-01-25,54.1969857182
SKU00047,2026-01-04,94.09358289025218
SKU00047,2026-01-11,83.45350809083203
SKU00047,2026-01-18,86.87395157435937
SKU00047,2026-01-25,89.14827828286698
SKU00048,2026-01-04,43.97503588912649
SKU00048,2026-01-11,45.671615337383415
SKU00048,2026-01-18,40.35270261769789
SKU00048,2026-01-25,40.76315973344568
SKU00049,2026-01-04,158.4639084641962
SKU00049,2026-01-11,164.88754367000848
SKU00049,2026-01-18,149.08884170093927
SKU00049,2026-01-25,151.24488104199548
SKU00050,2026-01-04,36.43463278433681
SKU00050,2026-01-11,35.68170292665124
SKU00050,2026-01-18,37.124940583473375
SKU00050,2026-01-25,36.455386497081925
