Snapshot_Date,SKU,Current_Stock,On_Order,Lead_Time_Days,Safety_Stock,Reorder_Point,Inventory_Value,SKU_Standard,Forecast_4W_Units,Forecast_Weekly_Units,Lead_Time_Demand,Available_Stock,Stock_Coverage_Weeks,Stockout_Risk,Overstock_Risk,Recommended_Action
2025-12-01,SKU025,1124,61,14,121,582,4384724.0,SKU00025,84.0690054834434,21.01725137086085,42.0345027417217,1185,56.38225375383438,False,True,Markdown / Clear
2025-12-01,SKU026,160,70,5,31,59,988598.4,SKU00026,547.1970038002244,136.7992509500561,97.7137506786115,230,1.6812957556614874,False,False,Watch / Volatile
2025-12-01,SKU027,567,103,3,83,133,2599048.62,SKU00027,623.930581278536,155.982645319634,66.849705136986,670,4.295349643718763,False,False,Healthy
2025-12-01,SKU028,174,55,11,114,337,85058.16,SKU00028,126.50416882548882,31.626042206372205,49.698066324299184,229,7.2408680955298195,False,False,Healthy
2025-12-01,SKU029,261,520,5,196,329,891602.1,SKU00029,372.6587634549869,93.16469086374673,66.5462077598191,781,8.383004255788405,False,False,Healthy
2025-12-01,SKU030,166,32,9,43,104,342462.98,SKU00030,120.70244020493197,30.175610051232994,38.797212923013845,198,6.561590624475531,False,False,Healthy
2025-12-01,SKU031,93,40,13,28,113,234857.55,SKU00031,405.0548678983633,101.26371697459082,188.06118866709724,133,1.3134023120381062,True,False,Reorder Now
2025-12-01,SKU032,278,214,11,60,185,1269626.0,SKU00032,212.2323341628171,53.058083540704274,83.37698842110672,492,9.272856597290309,False,False,Healthy
2025-12-01,SKU033,208,168,12,55,183,707096.0,SKU00033,398.0630676436373,99.51576691090932,170.59845756155886,376,3.7782957582652297,False,False,Watch / Volatile
2025-12-01,SKU034,34,103,5,34,58,52497.36,SKU00034,466.2079675343758,116.55199188359396,83.25142277399569,137,1.1754410867283027,False,False,Watch / Volatile
2025-12-01,SKU035,670,76,8,137,304,3918347.6,SKU00035,483.3004569265027,120.82511423162568,138.08584483614362,746,6.174213074360465,False,False,Healthy
2025-12-01,SKU036,383,135,3,77,129,574446.38,SKU00036,126.07563603465812,31.51890900866453,13.508103860856226,518,16.43457899693172,False,True,Markdown / Clear
2025-12-01,SKU037,355,687,8,315,644,2004500.4,SKU00037,577.1076181070041,144.27690452675103,164.88789088771546,1042,7.222223150807884,False,False,Healthy
2025-12-01,SKU038,159,310,12,56,175,509262.69,SKU00038,203.72202912804642,50.930507282011604,87.30944105487704,469,9.208626126636842,False,False,Healthy
2025-12-01,SKU039,93,35,3,17,31,284026.65,SKU00039,82.254547966145,20.56363699153625,8.812987282086963,128,6.224579827619175,False,False,Healthy
2025-12-01,SKU040,67,29,9,36,93,78024.85,SKU00040,333.88973269356694,83.47243317339174,107.32169979436081,96,1.150080288190301,True,False,Reorder Now
2025-12-01,SKU041,440,40,4,78,139,2496001.2,SKU00041,266.17740879601234,66.54435219900309,38.02534411371605,480,7.213234243599579,False,True,Markdown / Clear
2025-12-01,SKU042,90,120,6,41,88,698500.8,SKU00042,558.3109399011612,139.5777349752903,119.63805855024883,210,1.504537955406546,False,False,Watch / Volatile
2025-12-01,SKU043,559,211,12,142,393,2086495.45,SKU00043,553.4120349531872,138.3530087382968,237.17658640850883,770,5.565473472691166,False,False,Healthy
2025-12-01,SKU044,223,39,5,55,93,222337.69,SKU00044,235.34960553637944,58.83740138409486,42.02671527435347,262,4.452949889639837,False,False,Healthy
2025-12-01,SKU045,307,142,4,88,142,558224.24,SKU00045,607.3871829052853,151.84679572632132,86.7695975578979,449,2.956927723448627,False,False,Watch / Volatile
2025-12-01,SKU024,341,18,14,60,259,454699.63,SKU00024,286.0060607910162,71.50151519775405,143.0030303955081,359,5.020872620770373,False,False,Healthy
2025-12-01,SKU046,119,182,4,46,96,563935.05,SKU00046,220.2636509580071,55.065912739501776,31.46623585114387,301,5.466176533274392,False,False,Healthy
2025-12-01,SKU023,130,79,12,41,148,494858.0,SKU00023,353.5182596592691,88.37956491481728,151.5078255682582,209,2.3648000553231974,False,False,Watch / Volatile
2025-12-01,SKU021,88,97,9,36,88,27021.28,SKU00021,205.43846612832854,51.359616532082136,66.0337926841056,185,3.602051816030178,False,False,Watch / Volatile
2025-12-01,SKU001,771,147,4,159,289,2815160.01,SKU00001,307.81605351650813,76.95401337912703,43.973721930929734,918,11.92920238581082,False,True,Markdown / Clear
2025-12-01,SKU002,526,29,3,94,149,2974319.6,SKU00002,248.47171649765752,62.11792912441438,26.62196962474902,555,8.934618520337422,False,True,Markdown / Clear
2025-12-01,SKU003,349,12,3,88,123,2145941.67,SKU00003,127.49685844371197,31.874214610927993,13.660377690397711,361,11.32576925915006,False,True,Markdown / Clear
2025-12-01,SKU004,259,254,6,98,196,321905.92,SKU00004,133.45778614314025,33.36444653578506,28.59809703067291,513,15.375648430127004,False,True,Markdown / Clear
2025-12-01,SKU005,471,291,6,129,245,3500674.53,SKU00005,401.1274724075783,100.28186810189457,85.95588694448107,762,7.598582021086262,False,False,Healthy
2025-12-01,SKU006,359,485,13,129,340,2378877.6,SKU00006,153.05955934582374,38.264889836455936,71.06336683913246,844,22.05677328766016,False,True,Markdown / Clear
2025-12-01,SKU007,207,460,8,98,237,941442.21,SKU00007,638.7573255912251,159.68933139780628,182.50209302606433,667,4.176860120595149,False,False,Healthy
2025-12-01,SKU008,325,155,3,91,161,2165845.5,SKU00008,375.7814484880656,93.9453621220164,40.26229805229275,480,5.1093528105897885,False,False,Healthy
2025-12-01,SKU009,75,89,7,63,131,224818.5,SKU00009,263.04514243057054,65.76128560764263,65.76128560764263,164,2.4938685198231627,False,False,Watch / Volatile
2025-12-01,SKU010,83,70,13,22,60,595250.27,SKU00010,387.75055464422485,96.93763866105621,180.02704322767582,153,1.5783342993836131,True,False,Reorder Now
2025-12-01,SKU011,753,269,3,179,247,2911918.77,SKU00011,79.56743473373925,19.891858683434812,8.525082292900633,1022,51.37780316381812,False,True,Markdown / Clear
2025-12-01,SKU012,47,60,12,16,58,67949.78,SKU00012,641.4580837661895,160.36452094154737,274.9106073283669,107,0.6672298796003721,True,False,Reorder Now
2025-12-01,SKU013,151,95,4,32,61,1169978.2,SKU00013,300.3323399454464,75.0830849863616,42.90461999220663,246,3.276370437425213,False,False,Watch / Volatile
2025-12-01,SKU014,309,334,10,130,299,964407.54,SKU00014,481.4227583168146,120.35568957920366,171.93669939886237,643,5.34249774354751,False,False,Healthy
2025-12-01,SKU015,187,245,9,119,265,235038.43,SKU00015,84.31607163389612,21.07901790847403,27.101594453752323,432,20.494313438878507,False,True,Markdown / Clear
2025-12-01,SKU016,255,187,11,30,129,512180.25,SKU00016,309.8053023284048,77.4513255821012,121.70922591473047,442,5.706810008454458,False,False,Healthy
2025-12-01,SKU017,95,26,12,108,274,636809.7,SKU00017,329.5847502655854,82.39618756639635,141.25060725667944,121,1.46851454628888,True,False,Reorder Now
2025-12-01,SKU018,235,102,8,66,184,627647.4,SKU00018,634.6976488074449,158.67441220186123,181.34218537355568,337,2.1238459013245174,False,False,Watch / Volatile
2025-12-01,SKU019,227,114,14,25,126,738421.92,SKU00019,391.4101141107683,97.85252852769207,195.70505705538412,341,3.484835855861381,False,False,Watch / Volatile
2025-12-01,SKU020,1002,353,3,129,227,5550418.68,SKU00020,313.51167992249816,78.37791998062454,33.59053713455337,1355,17.28803214393752,False,True,Markdown / Clear
2025-12-01,SKU022,95,194,8,76,163,513246.05,SKU00022,264.7968730957552,66.1992182739388,75.65624945593005,289,4.365610463919527,False,False,Healthy
2025-12-01,SKU047,201,129,9,44,99,1231834.53,SKU00047,353.56932083831055,88.39233020957764,113.64728169802838,330,3.7333555888567727,False,False,Watch / Volatile
2025-12-01,SKU048,106,50,3,22,31,381464.32,SKU00048,170.76251357765346,42.690628394413366,18.29598359760573,156,3.6541977915793495,False,False,Watch / Volatile
2025-12-01,SKU049,780,599,5,206,344,4123321.8,SKU00049,623.6851748771394,155.92129371928485,111.37235265663205,1379,8.844205734225772,False,False,Healthy
2025-12-01,SKU050,328,525,14,69,316,1138983.28,SKU00050,145.69666279154336,36.42416569788584,72.84833139577168,853,23.41851854823707,False,True,Markdown / Clear
